구,동,구분,단지명,세대수,사용검사일,도로명주소,Latitude,Longitude
수지구,죽전동,임대,용인 죽전 경기행복주택,85,20220826,수지구 대지로 37,37.3290633,127.1248576
수지구,신봉동,분양,수지스카이뷰푸르지오,363,20220628,수지구 신봉3로7번길 31,37.3264919,127.0657722
수지구,신봉동,분양,힐스테이트 광교산,789,20220429,수지구 신봉2로 154,37.3288652,127.0722041
수지구,동천동,분양,한화 포레나 수지동천,293,20220221,수지구 고기로45번길 40,37.3414282,127.09015
기흥구,언남동,분양,힐스테이트 구성,699,(20210731~20230730),기흥구 용인향교로 29,37.2967369,127.1202756
기흥구,동백동,분양,신동백 두산위브더제니스,1187,20210630,기흥구 동백죽전대로 507,37.2721370999999,127.1521978
수지구,죽전동,분양,죽전역 솔하임,234,20210309,수지구 정든로 5,37.3274678,127.1145453
수지구,상현동,분양,광교상현 솔하임,224,20210204,수지구 상현로 6,37.3025489,127.074759
수지구,성복동,분양,성복역 롯데캐슬 클라시엘(파크나인2차),1094,20210129,수지구 성복1로 35,37.3175005,127.0653222
수지구,죽전동,분양,까뮤이스테이트,193,20200831,수지구 용구대로 2793,37.3302001,127.1090083
수지구,성복동,분양,성복역롯데캐슬파크나인1차,534,20200630,수지구 성복1로 13,37.3175005,127.0653222
수지구,동천동,분양,더샵 동천이스트포레,980,20200814,수지구 수풍로 89,37.3318415,127.093177
수지구,상현동,분양,상현더샵파크사이드,479,2019.08.28,수지구 만현로67번길 20,37.3086893,127.0899616
기흥구,영덕동,분양,기흥힉스유타워,230,2019.11.01,기흥구 중부대로 184,37.2653654,127.1005782
기흥구,신갈동,분양,이안두드림,297,2019.9.10,기흥구 중부대로 376,37.2713491,127.1088506
처인구,남사면 아곡리,분양,e편한 세상 용인 파크카운티,75,20190628,처인구 남사면 한숲로33번길 36,37.2291545,127.2825314
수지구,동천동,분양,동천파크자이,388,20190730,수지구 동천로153번길 79,37.3356424,127.086916
수지구,성복동,분양,성복역 롯데캐슬 골드타운,2356,20190630,수지구 성복2로 10,37.3173486,127.0657805
기흥구,보라동,분양,보라효성해링턴플레이스,970,20190529,기흥구 사은로84번길 10,37.2549828,127.1146427
수지구,동천동,분양,동천자이2차,1057,20190530,수지구 고기로45번길 40-18,37.3414282,127.09015
기흥구,신갈동,분양,신흥덕 롯데캐슬레이시티,1597,20190429,기흥구 신정로 25,37.2897191,127.1014604
처인구,역북동,분양,역북신원아침도시,452,20190201,처인구 낙은로 11,37.2414774999999,127.1962133
처인구,김량장동,분양,용인 에스원 스마트빌,299,20140630,처인구 백옥대로 1104,37.2340419,127.2094668
기흥구,영덕동,분양,기흥 효성해링턴플레이스,1679,20190329,기흥구 영덕대로2077번길 33,37.2801554,127.114659
수지구,풍덕천동,분양,수지파크푸르지오,430,20190328,수지구 풍덕천로171번길 9,37.326677,127.0990275
수지구,성복동,분양,성복역KCC스위첸,188,20190322,수지구 성복1로 62,37.3175005,127.0653222
처인구,김량장동,임대,용인김량장행복주택,70,20190201,처인구 금령로 40번길 15-5,37.2333041,127.2019802
처인구,김량장동,분양,유메이드 주상복합,299,20170210,처인구 금령로 43,37.2351129,127.20094
처인구,양지면 남곡리,분양,양지포레스토리,174,20190117,처인구 양지면 은이로 85,37.2185696,127.2770123
수지구,성복동,분양,용인성복서희스타힐스애비뉴,174,20180921,수지구 성복1로 80,37.3175005,127.0653222
기흥구,중동,분양,하우스디 동백 카바나,284,20190221,기흥구 동백죽전대로 527번길 34,37.2721370999999,127.1521978
수지구,신봉동,분양,수지신봉동도센트리움,184,20190131,수지구 신봉3로 6,37.3264919,127.0657722
기흥구,신갈동,분양,삼익 리베리움,171,20170608,기흥구 갈천로7번길 47,37.2706795,127.1055428
수지구,풍덕천동,분양,한샘 더랜드마크,220,20181129,수지구 포은대로 477,37.3240079,127.1019727
처인구,김량장동,분양,용인웰메이드시티,299,20180814,처인구 금령로 106번길 14-8,37.2342101,127.2078005
수지구,동천동,분양,동천 자이,1437,20180830,수지구 동천동 고기로 89,37.3453396,127.0929391
수지구,동천동,분양,동천 더샵 파크사이드,330,20180803,수지구 동천로 178번길 4,37.3397068,127.0849429
수지구,죽전동,분양,죽전 효성해링턴플레이스,113,20180228,수지구 용구대로 2750,37.3309235,127.1096956
기흥구,구갈동,분양,기흥역 더샵 주상복합,1219,20181109,기흥구 기흥역로 53번길 78,37.275657,127.115944
기흥구,구갈동,분양,힐스테이트 기흥,976,20180824,기흥구 기흥역로 63,37.275657,127.115944
기흥구,신갈동,분양,기흥우방아이유쉘,400,20180823,기흥구 신정로41번길 31,37.2790775,127.096956
기흥구,동백동,분양,동백라온프라이빗 테리스파크,133,20180803,기흥구 동백8로 160,37.2845439,127.1595897
기흥구,구갈동,분양,기흥역세권 파크푸르지오 주상복합,768,20150711,기흥구 기흥역로58번길 56,37.2726424,127.1076171
처인구,완장리,분양,용인 한숲시티 6블럭,1784,20180627,처인구 남사면 한숲로 84,37.154057,127.1694138
처인구,아곡리,분양,용인 한숲시티 5블럭,2336,20180627,처인구 남사면 한숲로 83,37.154057,127.1694138
처인구,완장리,분양,용인 한숲시티 4블럭,710,20180627,처인구 남사면 한숲로 124,37.154057,127.1694138
처인구,완장리,분양,용인 한숲시티 3블럭,1449,20180627,처인구 남사면 한숲로 123,37.154057,127.1694138
처인구,완장리,분양,용인 한숲시티 2블럭,446,20180627,처인구 남사면 한숲로 137,37.154057,127.1694138
기흥구,구갈동,분양,기흥역세권 센트럴푸르지오 주상복합,1316,20180622,기흥구 기흥역로58번길 10,37.2719957,127.1070119
처인구,역북동,분양,역북 동원로얄듀크,842,20180622,처인구 명지로16번길 26,37.2345179,127.1879177
처인구,고림동,분양,양우내안애 에듀파크 아파트,737,20180427,처인구 경안천로 112,37.2448753,127.2144711
수지구,성복동,분양,광교상현 꿈에그린,639,20180228,수지구 수지로 17,37.3201986,127.0857095
수지구,성복동,분양,수지성복 효성해링턴코트,236,20180228,수기구 성복1로281번길 20,37.3175005,127.0653222
기흥구,구갈동,분양,기흥역 롯데캐슬 레이시티,260,20171129,기흥구 기흥역로 9,37.275657,127.115944
기흥구,구갈동,분양,기흥역세권 지웰푸르지오 주상복합,561,20171129,기흥구 기흥역로16번길 ,37.275657,127.115944
처인구,역북동,분양,역북 지웰푸르지오,1259,20171124,처인구 명지로40번길 35-16,37.232335,127.1881255
처인구,역북동,분양,우미린 센트럴파크,1260,20171124,처인구 명지로16번길 25,37.2345179,127.1879177
기흥구,서천동,분양,서천효성해링턴플레이스,458,20171101,기흥구 서그내로 31,37.2443449,127.073666
처인구,역북동,분양,골드클래스,623,20170929,처인구 명지로40번길 35-29,37.232335,127.1881255
수지구,풍덕천동,분양,수지 e편한세상 주상복합,1237,20170825,수지구 포은대로 313번길 7-10,37.3145055,127.0857938
기흥구,마북동,분양,용인 마북 신원아침도시 아파트,180,20170731,기흥구 마북로247번길 3,37.3142267,127.1297315
기흥구,동백동,분양,동백코아루스칸디나하우스,98,20170728,기흥구 동백7로 128,37.2815927,127.159994
기흥구,서천동,분양,영통로 효성해링턴플레이스,640,20170629,기흥구 서그내로16번길 30,37.2448481,127.070907
수지구,상현동,분양,레이크포레,235,20170623,수지구 광교호수로 431,37.32215,127.0974374
수지구,성복동,분양,아이비힐,66,20170615,수지구 성복1로249번길 5,37.3217557,127.0571139
수지구,신봉동,분양,광교산 한양수자인 더킨포크,294,20170526,수지구 태봉로 17,37.3334708,127.0595024
기흥구,마북동,분양,구성 지음재 아파트,80,20170524,기흥구 구성로53번길 8,37.2966346,127.1159556
수지구,상현2동,분양,수지 동도센트리움,168,20170331,수지구 이현로 125,37.3118374,127.0914235
처인구,역북동,임대,역북2단지 우남퍼스트빌,505,20161024,처인구 낙은로 59,37.2414774999999,127.1962133
처인구,역북동,임대,역북1단지 우남퍼스트빌,409,20161024,처인구 낙은로 60 (역북동),37.2406464,127.1620719
기흥구,동백동,분양,하우스디 동백테라스,90,20170102,경기도 용인시 기흥구 동백7로107번길 10 (동백동),37.2805111,127.1646602
기흥구,중동,분양,신동백 동도센트리움,254,20161214,경기도 용인시 기흥구 언동로 201 (중동),37.2850783,127.1384014
기흥구,마북동,분양,구성역 효성해링턴 플레이스,296,20161123,경기도 용인시 기흥구 구성로 53번길 20 (마북동),37.2966346,127.1159556
기흥구,서천동,분양,힐스테이트 서천,754,20160929,용인시 기흥구 서천동로 22 (서천동),37.2403129,127.0755947
처인구,천리,분양,용인 에이스카운티,430,20160808,경기도 용인시 처인구 이동읍 백옥대로 737,37.192076,127.2068598
기흥구,보정동,분양,죽전 1차 힐데스하임,40,20160729,경기도 용인시 기흥구 신촌로 93 (보정동),37.3067158,127.1121496
수지구,상현동,분양,용인 수지 휴엔하임,112,20160411,"수지구 상현로 152 (상현동, 수지 휴엔하임아파트)",37.3052442,127.0930509
기흥구,서천동,분양,서천2차IPARK,289,20160226,"기흥구 서천동로21번길 11-22 (서천동, 서천2차 아이파크)",37.2391562,127.0769117
수지구,풍덕천동,분양,래미안수지 이스트파크,845,2015.10.29.,"수지구 신수로683번길 19 (풍덕천동, 래미안 이스트파크)",37.3292349,127.0936856
기흥구,보정동 ,분양,보정동 샬레파인비스타,155,2015.11.12.,"기흥구 진산로 140 (보정동, 죽전역샬레파인비스타)",37.3187662,127.1135476
수지구,풍덕천동,분양,수지 삼성 1차아파트,576,1994.12.20,"수지구 수풍로 13 (풍덕천동, 삼성래미안1차아파트)",37.3307712,127.0940328
수지구,풍덕천동,분양,수지 한성아파트,774,1995.03.28,"수지구 문정로 55 (풍덕천동, 한성아파트)",37.3245109,127.0926596
수지구,풍덕천동,분양,수지 건영아파트,190,1995.02.24,"수지구 수풍로23번길 25 (풍덕천동, 건영아파트)",37.3242169,127.0880659
수지구,풍덕천동,분양,수지 삼성2차아파트,420,1995.12.06,"수지구 수풍로 38 (풍덕천동, 삼성2차아파트)",37.3272638,127.0915124
수지구,풍덕천동,분양,수지 보원아파트,619,1994.12.22,"수지구 수풍로 16 (풍덕천동, 토월마을보원아파트)",37.3264316,127.0903828
수지구,풍덕천동,분양,수지 동부아파트,612,1995.07.31,"수지구 수지로 323 (풍덕천동, 1지구동부아파트)",37.3241541,127.0932899
수지구,풍덕천동,분양,수지 동문아파트,368,1994.12.20,"수지구 수풍로 47 (풍덕천동, 동문아파트)",37.3288252,127.091137
수지구,풍덕천동,분양,우성그린빌,100,1997.08.30,"수지구 수지로 398 (풍덕천동, 수지우성그린빌라)",37.3289139,127.0894298
수지구,풍덕천동,분양,수지 삼익풍림동아 아파트,1620,1994.12.20,"수지구 문인로 59 (풍덕천동, 퍼스트빌리지아파트)",37.3320489,127.0960328
수지구,죽전동,분양,창죽마을 월드메르디앙아파트,47,2008.08.21,"수지구 용구대로2771번길 28 (죽전동, 창죽마을 월드메르디앙)",37.33355,127.105196
수지구,죽전동,분양,도담마을 휴먼빌,260,2010.06.11(2010.04.16),"수지구 대지로 77 (죽전동, 도담마을 휴먼빌 아파트)",37.3301124,127.117384
수지구,죽전동,분양,죽전역 월드메르디앙,104,2010.05.27,"수지구 달맞이로 13 (죽전동, 죽전역 월드메르디앙)",37.3264832,127.1128243
수지구,풍덕천동,분양,수지CJ빌리지,36,2000.11.09,"수지구 수풍로 62 (풍덕천동, CJ빌리지)",37.3291492,127.0934372
수지구,풍덕천동,분양,원흥아파트,50,1985.11.09,"수지구 풍덕천로171번길 3 (풍덕천동, 원흥맨션)",37.3255942,127.0991867
수지구,풍덕천동,분양,수지 동보4차아파트,174,2000.04.28,"수지구 풍덕천로30번길 20 (풍덕천동, 두성마을동보4차아파트)",37.3161615,127.0874369
수지구,풍덕천동,분양,수지 동보3차아파트,279,1999.03.26(1998.12.28),"수지구 정평로13번길 20 (풍덕천동, 동보3차아파트)",37.317168,127.0866912
수지구,풍덕천동,분양,수지 삼성4차아파트,1137,1994.12.20,"수지구 수풍로 90 (풍덕천동, 삼성래미안4차아파트)",37.3307712,127.0940328
수지구,풍덕천동,분양,수지 한국아파트,416,1995.06.19,"수지구 정평로 116 (풍덕천동, 한국아파트)",37.3236959,127.0936675
수지구,풍덕천동,분양,수지 현대1차아파트,1168,1994.12.20,"수지구 수지로342번길 18 (풍덕천동, 현대아파트)",37.3261735,127.0946781
수지구,풍덕천동,분양,정자뜰마을 태영데시앙 1차아파트,648,2004.04.23(2003.12.20.),"수지구 수지로 166 (풍덕천동, 정자뜰마을태영데시앙1차아파트)",37.3153174,127.0831053
수지구,풍덕천동,분양,진산마을 삼성7차,501,2002.11.09,"수지구 진산로34번길 29 (풍덕천동, 진산마을삼성래미안7차아파트)",37.3265593,127.0965849
수지구,풍덕천동,분양,진산마을 삼성6차,343,2002.02.21,"수지구 진산로 108 (풍덕천동, 진산마을삼성래미안6차아파트)",37.3194814,127.0999077
수지구,풍덕천동,분양,진산마을 삼성5차,1828,2003.07.28(2001.07.28),"수지구 진산로 90 (풍덕천동, 진산마을삼성래미안5차아파트)",37.3176232,127.0964572
수지구,풍덕천동,분양,신정마을 현대성우A,1239,1999.11.19,"수지구 풍덕천로 52 (풍덕천동, 현대성우아파트)",37.3182804,127.0902633
수지구,풍덕천동,분양,신정마을 9단지 주공A,812,2000.05.04,"수지구 풍덕천로 76 (풍덕천동, 주공9단지아파트)",37.3196623,127.0919751
수지구,풍덕천동,분양,신정마을 주공1단지아파트,1044,2000.03.31,"수지구 풍덕천로 91 (풍덕천동, 주공1단지아파트)",37.322796,127.095472
수지구,풍덕천동,분양,신정마을 7단지상록,670,2000.01.31,"수지구 풍덕천로 75 (풍덕천동, 신정마을상록아파트)",37.3189304,127.0868961
수지구,풍덕천동,분양,신정마을 6단지상록,393,2000.01.31,"수지구 풍덕천로 33 (풍덕천동, 신정마을6단지아파트)",37.3222055,127.0874657
수지구,풍덕천동,분양,신정마을 진흥아파트,414,1999.12.13,"수지구 풍덕천로 19 (풍덕천동, 진흥아파트)",37.318079,127.08532
수지구,풍덕천동,분양,신정마을 우성A,443,2000.05.13,"수지구 정평로 41 (풍덕천동, 우성아파트)",37.3199788,127.0861529
수지구,풍덕천동,분양,신정마을 성지A,538,2000.05.27,"수지구 정평로 61 (풍덕천동, 신정마을성지아파트)",37.3213445,127.0871325
수지구,풍덕천동,분양,신정마을 극동.임광A,424,2000.05.26,"수지구 정평로 73 (풍덕천동, 극동스타클래스, 임광그대가아파트)",37.3224623,127.0886197
수지구,풍덕천동,분양,신정마을 현대프라임,462,2000.02.29,"수지구 정평로 89 (풍덕천동, 신정마을현대프라임아파트)",37.323622,127.0901877
수지구,풍덕천동,분양,수지 동보1차아파트,470,1995.04.07,"수지구 풍덕천로 161  (풍덕천동, 수지마을동보아파트) ",37.3256226,127.0979445
수지구,풍덕천동,분양,수지진산마을푸르지오,438,2012.07.27,수지구 진산로34번길 24 (풍덕천동),37.325605,127.0864864
수지구,풍덕천동,분양,정자뜰마을 태영데시앙 2차아파트,249,2006.04.18(2005.10.21),"수지구 풍덕천로22번길 67 (풍덕천동, 태영데시앙아파트)",37.3153174,127.0831053
수지구,풍덕천동,분양,수지푸르지오 월드마크,198,2013.05.24.,수지구 포은대로 467,37.3133529,127.0908014
수지구,신봉동,분양,광교산 자이아파트,445,2015.04.23.,"수지구 신봉2로 93 (신봉동, 광교산자이)",37.3284802,127.0714054
수지구,신봉동,분양,수지웰스톤시티,265,2015.04.23.,수지구 신봉2로 60 (신봉동),37.3235461,127.0798701
수지구,동천동 ,분양,동천파크뷰,79,2014.08.08.,수지구 신수로783번길 36,37.3403179,127.1007677
수지구,죽전동,임대,내대지마을 주공2단지아파트,136,2005.07.20,"수지구 대지로 158  (죽전동, 내대지마을주공2단지)",37.3312882,127.1157683
수지구,죽전동,임대,성현마을 주공3단지아파트,388,2005.07.20,"수지구 죽전로193번길 11  (죽전동, 성현마을주공3단지아파트)",37.3307607,127.1330445
수지구,죽전동,임대,도담마을 주공8단지아파트,643,2005.08.05,수지구 죽전로27번길 60  (죽전동) ,37.32504,127.1128928
수지구,죽전동,임대,내대지마을 주공아파트,225,2006.04.17,"수지구 디지털벨리로 21  (죽전동, 내대지마을주공5단지)",37.3311218,127.1287393
수지구,상현동,임대,휴먼시아아파트(광교),1117,2011.11.16.,"수지구 광교마을로 90  (상현동, 광교마을휴먼시아41단지)",37.2960973,127.0742455
수지구,상현동,임대,광교마을 45단지,672,2014.01.29.,수지구 광교마을로 11,37.2964591,127.0715785
수지구,신봉동,분양,신봉마을 LG빌리지5차 A단지,532,2002.08.31,"수지구 신봉1로 110 (신봉동, 신봉마을엘지빌리지5차아파트)",37.326427,127.0754946
수지구,신봉동,분양,신봉마을 동부센트레빌 6단지,450,2010.09.24,"수지구 신봉1로 216 (신봉동, 신봉마을센트레빌6차)",37.326427,127.0754946
수지구,성복동,분양,성동마을 LG빌리지2차,758,2001.03.03,"수지구 수지로113번길 15 (성복동, 성동마을엘지빌리지2차아파트)",37.3128391,127.0765839
수지구,성복동,분양,성동마을 강남빌리지,428,2001.02.19,"수지구 수지로113번길 16 (성복동, 강남빌리지)",37.3139286,127.0780502
수지구,성복동,분양,용인 성복아이파크,351,2012.07.17(12.05.31),"수지구 성복1로 222 (성복동, 용인성복아이파크아파트)",37.3223993999999,127.0613572
수지구,성복동,분양,버들치마을 성복 힐스테이트 1차,645,2011.07.01,"수지구 성복1로 91 (성복동, 버들치마을성복힐스테이트1차아파트)",37.3142734,127.0702495
수지구,죽전동,분양,창죽마을 수지 벽산2단지,684,1997.09.27,"수지구 용구대로2771번길 66 (죽전동, 벽산2단지아파트)",37.3354264,127.1054081
수지구,성복동,분양,버들치마을 성복자이2차,783,2011.10.28(2010.12.03),"수지구 성복2로 251 (성복동, 성복자이2차)",37.3165122,127.0658308
수지구,신봉동,분양,신봉마을 LG빌리지5차 B단지,556,2002.08.31,"수지구 신봉1로 112-2 (신봉동, 신봉마을엘지빌리지5차아파트)",37.326427,127.0754946
수지구,신봉동,분양,신봉마을 LG자이 1차,1990,2004.02.17,"수지구 신봉2로 26 (신봉동, LG신봉자이1차아파트)",37.3250912,127.0779002
수지구,죽전동,분양,창죽마을 벽산첼시빌아파트,179,2001.09.29,"수지구 용구대로2771번길 88 (죽전동, 벽산첼시빌아파트)",37.3372318,127.1059358
수지구,죽전동,분양,대지마을 2차 현대홈타운 ,346,2001.08.02,"수지구 현암로 54 (죽전동, 현대홈타운2차아파트)",37.3318994,127.1216844
수지구,죽전동,분양,현암마을 대우넷씨빌아파트,119,2000.10.13,"수지구 용구대로 2724 (죽전동, 현암마을 대우넷시빌아파트)",37.3288162,127.1107689
수지구,죽전동,분양,현암마을 동성2차아파트,838,1999.05.13,"수지구 용구대로 2720 (죽전동, 동성2차아파트)",37.3274553,127.1099912
수지구,죽전동,분양,창죽마을 벽산4단지,465,1999.03.17,"수지구 용구대로2801번길 41 (죽전동, 블루밍벽산4단지아파트)",37.3345376,127.1046026
수지구,죽전동,분양,창죽마을 수지 벽산3단지(302-305동),266,1997.09.24,"수지구 용구대로2801번길 17 (죽전동, 블루밍벽산3단지아파트)",37.3347043,127.1071579
수지구,죽전동,분양,죽전아이뷰,432,1999.08.30,"수지구 현암로 3 (죽전동, 죽전아이뷰아파트)",37.3325033,127.1103415
수지구,죽전동,분양,도담마을 아이파크,360,1998.12.18,"수지구 대지로 82 (죽전동, 도담마을아이파크)",37.3293065,127.1178233
수지구,죽전동,분양,창죽마을 수지 벽산3단지(301동),159,1997.09.24,"수지구 용구대로2801번길 16 (죽전동, 블루밍벽산3단지아파트)",37.3347043,127.1071579
수지구,죽전동,분양,도담마을 7단지 뜨리에체아파트,430,1999.02.27,"수지구 푸른솔로 49 (죽전동, 도담마을7단지뜨리에체아파트)",37.3262229,127.1187941
수지구,죽전동,분양,대지마을 대주한신아파트,311,1998.04.24,"수지구 대지로 27 (죽전동, 한신아파트)",37.3281774,127.1127131
수지구,죽전동,분양,대지마을 수지길훈1차아파트,336,1999.02.27,"수지구 대지로 19 (죽전동, 길훈1차아파트)",37.3282607,127.1118243
수지구,죽전동,분양,대지마을 죽전퍼스트하임,480,1999.02.20,"수지구 대지로 49 (죽전동, 죽전퍼스트하임아파트)",37.329788,127.114463
수지구,죽전동,분양,죽전 현대1차아파트,702,1999.04.14,"수지구 죽전로 244 (죽전동, 현대1차아파트)",37.3319073,127.1297882
수지구,죽전동,분양,죽전 동성1차,684,1997.06.19,"수지구 용구대로 2742 (죽전동, 동성1차아파트)",37.330201,127.109163
수지구,죽전동,분양,창죽마을 수지 벽산1단지,612,1997.09.27,"수지구 용구대로2771번길 68  (죽전동, 벽산1단지아파트)",37.3363985,127.1054636
수지구,죽전동,분양,내대지마을 용인죽전동부센트레빌,536,1998.12.17,"수지구 대지로 139 (죽전동, 동부아파트)",37.3303433,127.124804
수지구,신봉동,분양,신봉마을 동부센트레빌 5단지,490,2010.09.24,"수지구 신봉1로 214 (신봉동, 신봉동부센트레빌5차아파트)",37.3301533,127.0678119
수지구,신봉동,분양,서홍마을 한일아파트,296,2003.12.30,"수지구 신봉1로48번길 29  (신봉동, 한일아파트)",37.3243278,127.081438
수지구,신봉동,분양,서홍마을 벽산블루밍,246,2004.01.26,"수지구 신봉1로48번길 45 (신봉동, 벽산아파트)",37.324157,127.082767
수지구,신봉동,분양,서홍마을 한화꿈에그린,404,2004.01.20,"수지구 신봉1로48번길 32 (신봉동, 서홍마을한화꿈에그린아파트)",37.3230115,127.0815488
수지구,신봉동,분양,서홍마을 4단지(효성.현산),388,2004.01.10,"수지구 신봉1로 28 (신봉동, 서홍마을효성화운트빌아파트)",37.3220109,127.0797998
수지구,신봉동,분양,서홍마을 우남퍼스트빌,962,2004.01.14,"수지구 신봉1로 27 (신봉동, 서홍마을우남퍼스트빌아파트)",37.3201501,127.0802721
수지구,신봉동,분양,신봉마을 자이 2차아파트,1626,2005.8.24(2004.12.29),"수지구 신봉2로 72 (신봉동, 신봉마을엘지자이2차아파트)",37.326427,127.0754946
수지구,신봉동,분양,신봉마을 자이3차,401,2007.03.30,"수지구 신봉1로71번길 25 (신봉동, 신봉마을자이3차아파트)",37.3209,127.078717
수지구,죽전동,분양,내대지마을 죽전이편한세상아파트,141,2003.08.28,"수지구 대지로 148 (죽전동, 대림e편한세상)",37.328872,127.1259063
수지구,죽전동,분양,대지마을 현대홈타운 3차 2단지,537,2003.04.04,"수지구 대지로15번길 60 (죽전동, 대지마을현대홈타운3차2단지아파트) ",37.332982,127.11438
수지구,죽전동,분양,도담마을  현대홈타운 4차 1단지,351,2003.04.02,"수지구 푸른솔로 55 (죽전동, 도담마을힐스테이트4차1단지아파트)",37.3262229,127.1187941
수지구,죽전동,분양,도담마을 롯데캐슬,231,2002.03.29,"수지구 대지로 64 (죽전동, 도담마을롯데캐슬아파트)",37.3285386,127.1165183
수지구,신봉동,분양,신봉마을 동부센트레빌1단지,298,2010.05.03,"수지구 신봉1로172번길 8 (신봉동, 신봉마을센트레빌1차)",37.326427,127.0754946
수지구,신봉동,분양,신봉마을 동일하이빌2단지,232,2010.06.22,"수지구 신봉3로11번길 10-7 (신봉동, 신봉마을 동일하이빌2차)",37.2933368,127.1275089
수지구,신봉동,분양,신봉마을 동일하이빌3단지,594,2010.09.17(2010.07.30),"수지구 신봉3로 25 (신봉동, 신봉마을동일하이빌3차)",37.3263184,127.0640869
수지구,죽전동,분양,대지마을 중앙하이츠빌,271,2001.11.10,"수지구 현암로63번길 2 (죽전동, 대지마을중앙하이츠빌아파트)",37.3323437,127.1171292
수지구,신봉동,분양,신봉마을 동일하이빌 4단지,636,2010.10.04,"수지구 신봉3로12번길 9 (신봉동, 동일하이빌4차아파트)",37.330039,127.0647753
수지구,죽전동,분양,도담마을 죽전파크빌,561,1997.06.14,수지구 정든로 22 (죽전동),37.3277268,127.1161188
수지구,성복동,분양,성동마을 수지자이2차,500,2010.09.27,"수지구 성복2로 184 (성복동, 성동마을수지자이2차아파트)",37.3202011,127.0671162
수지구,성복동,분양,버들치마을 성복 힐스테이트 3차,823,2010.06.06,"수지구 성복2로 220 (성복동, 버들치마을 힐스테이트3차)",37.3210477,127.0635893
수지구,동천동 ,분양,보뜨랑마을 벽산블루밍아파트,182,2004.11.12.(2004.06.30.),"수지구 신수로783번길 50 (동천동, 벽산아파트)",37.3421561,127.0986033
수지구,동천동 ,분양,동천마을동문굿모닝힐6차,220,2009.09.15(2007.10.31),"수지구 동천로 53 (동천동, 동문굿모닝힐6차아파트)",37.3399813,127.0973532
수지구,동천동 ,분양,동천마을동문굿모닝힐5차,1334,2009.09.11(2007.10.31),"수지구 동천로 64 (동천동, 동천마을동문굿모닝힐5차아파트)",37.340029,127.0958119
수지구,동천동 ,분양,한빛마을 래미안이스트팰리스 4단지,620,2010.05.31,"수지구 동천로153번길 6 (동천동, 한빛마을래미안이스트팰리스4단지아파트)",37.3356957,127.0856646
수지구,동천동 ,분양,한빛마을 래미안이스트팰리스 3단지,885,2010.05.31,"수지구 동천로135번길 21 (동천동, 한빛마을래미안이스트팰리스3단지)",37.3342823,127.0889258
수지구,동천동 ,분양,한빛마을 래미안이스트팰리스 1단지,460,2010.05.31,"수지구 동천로153번길 7 (동천동, 한빛마을래미안이스트팰리스1단지아파트)",37.3364831,127.0879111
수지구,동천동 ,분양,한빛마을 래미안이스트팰리스 2단지,428,2010.05.31,"수지구 동천로113번길 10 (동천동, 한빛마을래미안이스트팰리스2단지아파트)",37.3450834,127.0836614
수지구,상현동,분양,심곡마을 광교힐스테이트,860,2009.10.29,"수지구 수지로 75 (상현동, 심곡마을광교힐스테이트아파트)",37.3093735,127.0764394
수지구,상현동,분양,광교마을 웅진스타클래스 1단지,168,2011.12.28,"수지구 법조로 251 (상현동, 광교마을웅진스타클래스1단지)",37.2993199,127.0735488
수지구,상현동,분양,광교마을 웅진스타클래스 2단지,220,2011.12.28,"수지구 법조로 252 (상현동, 광교웅진스타클래스2단지)",37.2993199,127.0735488
수지구,상현동,분양,광교경남아너스빌,700,2011.11.30,"수지구 광교마을로 2 (상현동, 광교경남아너스빌)",37.2977333,127.0671559
수지구,상현동,분양,광교마을 상록자이 아파트,1035,2012.07.27,"수지구 광교마을로 62 (상현동, 광교상록자이아파트)",37.2967632999999,127.0719267
수지구,상현동,분양,심곡마을 현대프레미오아파트,300,2001.02.12,"수지구 수지로 41 (상현동, 현대프레미오아파트)",37.307096,127.0736064
수지구,상현동,분양,상현마을 쌍용1차아파트(A단지),421,2001.12.05,"수지구 상현로 27 (상현동, 상현마을쌍용2차스윗닷홈A단지아파트)",37.3016523,127.0770784
수지구,상현동,분양,상현마을 현대성우2차아파트,198,2001.12.26,"수지구 상현로11번길 26 (상현동, 상현마을현대성우2차아파트)",37.3059018999999,127.0840776
수지구,상현동,분양,상현마을 금호베스트빌1단지,573,2001.03.31,"수지구 상현로 59 (상현동, 금호베스트빌1차아파트)",37.3070247,127.0780026
수지구,상현동,분양,상현마을 쌍용2차아파트(B단지),315,2001.12.05,"수지구 상현로 30-6 (상현동, 상현마을쌍용2차스윗닷홈B단지아파트)",37.3016523,127.0770784
수지구,상현동,분양,상현마을 쌍용3차아파트(C단지),251,2001.12.05,"수지구 상현로 30-9 (상현동, 상현마을쌍용2차스윗닷홈C단지아파트)",37.3016523,127.0770784
수지구,상현동,분양,상현마을 금호베스트빌2단지,407,2001.03.31,"수지구 상현로 58 (상현동, 금호베스트빌2차아파트)",37.3026797,127.0804661
수지구,상현동,분양,상현마을 금호베스트빌3단지,159,2002.02.27,"수지구 상현로42번길 40 (상현동, 금호베스트빌3차아파트)",37.303069,127.082328
수지구,상현동,분양,상현마을 동일스위트,312,2001.12.31,"수지구 상현로42번길 46 (상현동, 상현마을동일스위트아파트)",37.3033918,127.0761649
수지구,상현동,분양,상현마을 금호 베스트빌4단지,224,2002.02.27,"수지구 상현로 67-12 (상현동, 금호베스트빌4차아파트)",37.304557,127.07955
수지구,상현동,분양,상현마을 수지센트럴아이파크,895,2006.08.28,"수지구 상현로 101 (상현동, 상현마을수지센트럴아이파크)",37.3078417,127.0823685
수지구,상현동,분양,상현마을 성우5차아파트 ,310,2003.10.21(2003.05.30),"수지구 상현로 119-6 (상현동, 상현마을 현대성우5차아파트)",37.3042631,127.0809391
수지구,상현동,분양,상현마을 현대2차아파트,498,2001.12.21,"수지구 상현로 2 (상현동, 상현마을현대2차아이파크아파트)",37.3017107,127.0734575
수지구,상현동,분양,서원마을 현대홈타운아파트,462,2001.02.17,"수지구 포은대로 231 (상현동, 서원마을 현대홈타운아파트)",37.3087556,127.0821384
수지구,상현동,분양,서원마을 3단지 아이파크,438,2002.09.06,"수지구 포은대로 219  (상현동, 서원마을3단지아이파크아파트)",37.3082901,127.080573
수지구,상현동,분양,상현마을 성원상떼빌아파트,968,2002.12.16,"수지구 상현로 30-10 (상현동, 상현마을성원상떼빌아파트)",37.300415,127.0781101
수지구,상현동,분양,서원마을 금호베스트빌 5단지,890,2002.12.04,"수지구 심곡로 16 (상현동, 서원마을금호베스트빌5단지아파트)",37.3070247,127.0780026
수지구,상현동,분양,풍산아파트,438,1997.11.17,"수지구 수지로78번길 20 (상현동, 풍산아파트)",37.3131822,127.0900494
수지구,동천동 ,분양,동천마을 영풍아파트,149,2003.07.14,"수지구 신수로783번길 22 (동천동, 영풍아파트)",37.3405706,127.1005409
수지구,동천동 ,분양,원천마을 푸르지오아파트,190,2003.04.29,"수지구 고기로 3 (동천동, 대우아파트)",37.347886,127.0821872
수지구,동천동 ,분양,수진마을 신명스카이뷰,262,2004.01.17,"수지구 손곡로 53 (동천동, 수진마을신명스카이뷰아파트)",37.3355651,127.0970478
수지구,성복동,분양,버들치마을 성복 힐스테이트 2차,689,2010.06.06,"수지구 성복1로164번길 13 (성복동, 현대힐스테이트2차)",37.3184372,127.0635799
수지구,성복동,분양,버들치마을 성복자이1차,719,2010.06.03,"수지구 성복1로164번길 20 (성복동, 버들치마을성복자이1차아파트)",37.3174001,127.0654125
수지구,성복동,분양,버들치마을 경남아너스빌 2차,214,2010.03.31,"수지구 성복1로163번길 11 (성복동, 버들치마을경남아너스빌2차아파트)",37.3153659,127.0604471
수지구,성복동,분양,버들치마을 경남아너스빌 1차,816,2007.06.14,"수지구 성복1로 157 (성복동, 버들치마을경남아너스빌1차아파트)",37.3147034,127.0623638
수지구,성복동,분양,성동마을 수지자이아파트,680,2006.05.30,"수지구 성복2로 174 (성복동, 성동마을수지자이아파트)",37.3154561,127.0766614
수지구,성복동,분양,푸른마을 푸르지오아파트,430,2004.10.22,"수지구 성복2로76번길 31 (성복동, 푸른마을 푸르지오아파트)",37.316292,127.0794088
수지구,성복동,분양,성동마을 LG빌리지 6차,956,2003.03.26,"수지구 성복2로 158 (성복동, 성동마을엘지빌리지6차아파트)",37.3154561,127.0766614
수지구,성복동,분양,성동마을 LG빌리지3차,1234,2002.08.28,"수지구 성복2로 126 (성복동, 성동마을LG빌리지3차아파트)",37.3178724,127.0725784
수지구,성복동,분양,성남마을 벽산첼시빌2,951,2002.10.31,"수지구 성복1로 107 (성복동, 성남마을벽산첼시빌2차아파트)",37.3144979,127.0663465
수지구,성복동,분양,수지제일아이조움,133,2012.07.19,수지구 심곡로 87 (성복동),37.3105835,127.0816583
수지구,성복동,분양,성동마을 LG빌리지1차,1164,2001.02.19,"수지구 성복2로 86 (성복동, 성동마을LG빌리지1차아파트)",37.3173448,127.0765503
수지구,상현동,분양,만현마을 9단지 엘지자이아파트,1034,2003.06.27,"수지구 만현로133번길 33 (상현동, 만현마을9단지엘지자이아파트)",37.3041327,127.0897096
수지구,상현동,분양,만현마을 3단지 성원상떼빌,554,2002.08.30,"수지구 만현로67번길 19 (상현동, 만현마을성원상떼빌아파트)",37.3130743,127.0923654
수지구,상현동,분양,만현마을 8단지 두산위브,556,2002.08.26,"수지구 만현로 127 (상현동, 만현마을8단지두산위브아파트)",37.3052123,127.0869069
수지구,상현동,분양,만현마을 1단지 롯데캐슬아파트,992,2002.09.18,"수지구 만현로 25 (상현동, 만현마을롯데캐슬아파트)",37.3119901,127.0896557
수지구,상현동,분양,만현마을 5단지아이파크,528,2002.04.30,"수지구 만현로 79 (상현동, 만현마을5단지아이파크아파트)",37.3085127,127.0871606
수지구,상현동,분양,만현마을 10단지 아이파크,584,2002.07.18,"수지구 상현로 142 (상현동, 만현마을10단지아이파크아파트)",37.3111606,127.0854248
수지구,상현동,분양,만현마을 2단지아이파크,404,2002.04.30,수지구 만현로67번길 9  (상현동),37.3092782,127.0881144
수지구,상현동,분양,상현마을 현대성우3차아파트,336,2002.04.25,"수지구 상현로 88 (상현동, 상현마을 현대성우3차아파트)",37.3038466,127.0833278
수지구,상현동,분양,만현마을 쌍용3차,375,2001.09.28,"수지구 만현로 99 (상현동, 만현마을쌍용스윗닷홈3차아파트)",37.3070457,127.0856692
수지구,상현동,분양,상현마을 현대성우1차,470,2001.09.15,"수지구 상현로 100 (상현동, 상현마을현대성우1차아파트)",37.3046813,127.0846262
수지구,상현동,분양,만현마을 쌍용1차아파트,992,2001.06.19,"수지구 만현로 107 (상현동, 만현마을쌍용1차아파트)",37.3070457,127.0856692
수지구,상현동,분양,수지 성원아파트,1744,1997.12.20,"수지구 진산로 24 (상현동, 성원상떼빌아파트)",37.3140878,127.092754
수지구,상현동,분양,만현마을 동보2차아파트,702,1998.05.09,"수지구 포은대로 298 (상현동, 만현마을동보2차아파트)",37.3133352,127.0874438
수지구,동천동 ,분양,동천마을 동문3차아파트,181,2001.11.07.,"수지구 동천로 93 (동천동, 동문3차아파트)",37.3381314,127.0938288
수지구,동천동 ,분양,동천마을 현대1차홈타운,466,2002.04.29.,"수지구 수지로 487 (동천동, 동천마을현대홈타운아파트)",37.3383981,127.0960478
수지구,동천동 ,분양,동천마을 현대2차홈타운,1128,2002.04.17,"수지구 동천로63번길 10 (동천동, 동천마을현대2차홈타운)",37.3383981,127.0960478
수지구,동천동 ,분양,수진마을 써니밸리아파트,627,2004.01.26,"수지구 손곡로 82 (동천동, 수진마을써니밸리아파트)",37.3373418,127.0929647
수지구,동천동 ,분양,수진마을 2단지(효성.현산),344,2004.01.10,"수지구 손곡로 54 (동천동, 수진마을아이파크효성화운트빌아파트)",37.3361762,127.0957979
수지구,동천동 ,분양,수진마을 우미이노스빌,396,2004.01.20,"수지구 손곡로 67 (동천동, 수진마을우미이노스빌아파트)",37.3356484,127.0944925
수지구,죽전동,분양,인현마을 현대홈타운(101-105),162,2004.09.16,"수지구 탄천상로 7 (죽전동, 인현마을힐스테이트7차아파트)",37.3331212999999,127.1119353
수지구,죽전동,분양,인현마을 현대홈타운(201-206),194,2004.09.16,"수지구 탄천상로 6 (죽전동, 인현마을힐스테이트7차아파트)",37.3331212999999,127.1119353
수지구,죽전동,분양,현인마을 이-편한세상1단지,206,2006.02.21,"수지구 탄천상로 29 (죽전동, 현인마을이편한세상아파트)",37.3340934,127.1121852
수지구,죽전동,분양,성현마을 반도유보라,637,2004.06.30,"수지구 죽전로193번길 35 (죽전동, 성현마을반도유보라아파트)",37.3266759,127.1253051
수지구,죽전동,분양,도담마을 우미이노스빌 죽전1차,418,2004.10.05,"수지구 푸른솔로 88 (죽전동, 도담마을 우미이노스빌)",37.3267395,127.119297
수지구,죽전동,분양,도담마을 한양수자인,332,2004.12.01,"수지구 푸른솔로 76 (죽전동, 도담마을 한양수자인)",37.3250982,127.1188711
수지구,죽전동,분양,꽃메마을 현대홈타운 (4차2단지),254,2004.06.29,"수지구 푸른솔로 56 (죽전동, 꽃메마을힐스테이트4차2단지아파트)",37.3234836,127.1153241
수지구,죽전동,분양,도담마을 푸르지오아파트(601-602동),111,2004.12.23,"수지구 푸른솔로 41 (죽전동, 대우푸르지오)",37.3257100999999,127.1158746
수지구,죽전동,분양,꽃메마을 금강아파트,120,2004.09.03,"수지구 죽전로27번길 14-33 (죽전동, 금강아파트)",37.3227177,127.1149126
수지구,죽전동,분양,꽃메마을 한라신영프로방스,388,2004.06.30,"수지구 죽전로27번길 14-30 (죽전동, 꽃메마을한라프로방스아파트)",37.3217894,127.114352
수지구,죽전동,분양,꽃메마을 현대홈타운 (4차 4단지),342,2004.06.29,"수지구 푸른솔로 20 (죽전동, 꽃메마을현대홈타운4차4단지아파트)",37.3234836,127.1153241
수지구,죽전동,분양,꽃메마을 현대홈타운 (4차 3단지),770,2004.06.29,"수지구 죽전로 87 (죽전동, 꽃메마을현대홈타운4차3단지아파트)",37.3224819,127.1175743
수지구,죽전동,분양,꽃메마을 한라프로방스 Ⅱ,195,2004.06.30,"수지구 죽전로 111 (죽전동, 꽃메마을한라프로방스II아파트)",37.3217894,127.114352
수지구,죽전동,분양,꽃메마을 아이파크,374,2004.07.30,"수지구 죽전로 121 (죽전동, 꽃메마을아이파크2차아파트)",37.3238557,127.1207011
수지구,상현동,분양,벽산블루밍아파트,631,1998.08.31,"수지구 수지로 68 (상현동, 벽산블루밍아파트)",37.3086242,127.077525
수지구,죽전동,분양,꽃메마을 극동스타클래스,196,2004.06.30,"수지구 죽전로 116 (죽전동, 극동스타클래스아파트)",37.3225553,127.1211709
수지구,죽전동,분양,성현마을 우미이노스빌 (201-208동) 죽전2차,538,2004.12.20,"수지구 죽전로 143 (죽전동, 성현마을우미2차아파트)",37.3251502,127.123851
수지구,죽전동,분양,성현마을 광명샤인빌 (401-403동) 죽전1차,192,2005.02.03,"수지구 디지털벨리로 5 (죽전동, 성현마을광명샤인빌)",37.326706,127.124629
수지구,죽전동,분양,현인마을 이-편한세상2단지,239,2006.02.21,"수지구 탄천상로 30 (죽전동, 현인마을이편한세상아파트)",37.3340934,127.1121852
수지구,죽전동,분양,새터마을 죽전힐스테이트,1998,2004.06.29,"수지구 현암로125번길 11 (죽전동, 새터마을죽전힐스테이트아파트)",37.3336726,127.1220199
수지구,죽전동,분양,내대지마을 건영캐스빌,1254,2004.11.25,"수지구 죽전로 267 (죽전동, 내대지마을건영캐스빌아파트)",37.3332748,127.1263996
수지구,죽전동,분양,내대지마을 우미이노스빌(601동),59,2004.12.20,"수지구 현암로 134-1 (죽전동, 우미아노스빌6차)",37.3310384,127.1245175
수지구,죽전동,분양,새터마을 푸르지오아파트,79,2004.12.28,"수지구 현암로 126 (죽전동, 푸르지오)",37.3314304,127.1225469
수지구,죽전동,분양,새터마을 우미이노스빌(101동) 죽전3차,56,2004.12.20,"수지구 현암로 100-6 (죽전동, 우미이노스빌)",37.3265562,127.1253135
수지구,죽전동,분양,새터마을 우미이노스빌 (201동) 죽전5차,59,2004.12.20,"수지구 현암로 100-12 (죽전동, 우미이노스빌)",37.3265562,127.1253135
수지구,죽전동,분양,새터마을 모아미래도 (301-305동),252,2005.02.03,"수지구 대지로 127 (죽전동, 모아미래도)",37.3303775,127.1211915
수지구,죽전동,분양,내대지마을 푸르지오아파트,142,2004.10.29,"수지구 죽전로 235 (죽전동, 내대지마을대우푸르지오아파트)",37.3311218,127.1287393
수지구,죽전동,분양,내대지마을 정석베르데파크아파트,37,2006.12.22,"수지구 죽전로264번길 6 (죽전동, 내대지마을정석베르데파크)",37.3311218,127.1287393
수지구,죽전동,분양,내대지마을 진흥더블파크,160,2004.06.30,"수지구 죽전로254번길 29 (죽전동, 내대지마을 진흥더블파크)",37.3311218,127.1287393
수지구,죽전동,분양,내대지마을 광명샤인빌,91,2005.10.10,"수지구 죽전로254번길 39 (죽전동, 광명샤인빌)",37.3331518,127.1327462
수지구,죽전동,분양,내대지마을 힐스테이트,120,2004.06.30,"수지구 죽전로238번길 5 (죽전동, 내대지마을힐스테이트)",37.3296888,127.1372827
기흥구,중동 ,분양,신동백 서해그랑블 2차,817,2014.06.03.,기흥구 언동로217번길 31,37.277518,127.1473891
기흥구,신갈동,분양,기흥역 롯데캐슬스카이,625,2014.12.22.(2014.11.17.),기흥구 중부대로 375,37.2653654,127.1005782
기흥구,공세동,임대,한보라마을 휴먼시아 7단지,851,2006.11.24.,"기흥구 한보라2로 168  (공세동, 한보라마을휴먼시아7단지아파트)",37.2451596999999,127.1088269
기흥구,농서동,임대,서천마을 휴먼시아 3단지(임대),980,2011.05.17.,"기흥구 서천서로 125  (농서동, 서천마을휴먼시아 3단지)",37.2357713,127.0697754
기흥구,동백동,임대,백현마을 7단지 주공그린빌,561,2006.03.23.,"기흥구 동백8로 103  (동백동, 백현마을주공7단지아파트)",37.2838217,127.1625433
기흥구,동백동,임대,백현마을 9단지 주공그린빌,981,2006.05.17.,"기흥구 동백8로131번길 20  (동백동, 백현마을주공9단지아파트)",37.2825111,127.1668186
기흥구,동백동,임대,호수마을 3단지 주공뜨란채,898,2006.05.30.,"기흥구 동백8로 64  (동백동, 호수마을주공3단지아파트)",37.2839054,127.1576939
기흥구,보라동,임대,한보라마을 휴먼시아4단지,581,2006.10.18.,"기흥구 한보라1로43번길 23  (보라동, 한보라마을휴먼시아4단지아파트)",37.2505202,127.1116321
기흥구,상하동,임대,강남마을 8단지 주공아파트,1176,2004.05.29.,"기흥구 강남동로 92  (상하동, 강남마을주공8단지아파트)",37.2712959,127.1359069
기흥구,서천동,임대,서천마을 휴먼시아 2단지(임대),663,2011.06.14.,"기흥구 서천로128번길 12  (서천동, 서천마을휴먼시아 2단지)",37.2381321,127.0712197
기흥구,신갈동,임대,녹원마을 새천년그린빌 3단지,693,2006.03.20.,"기흥구 새천년로16번길 16  (신갈동, 녹원마을새천년그린빌3단지아파트)",37.288301,127.1101135
기흥구,영덕동,임대,흥덕마을 휴먼시아 3단지(임대),866,2009.09.02.,"기흥구 흥덕2로 80  (영덕동, 휴먼시아 흥덕마을3단지)",37.274083,127.074261
기흥구,영덕동,임대,흥덕마을 휴먼시아 4단지(임대),383,2009.06.29.,"기흥구 흥덕2로 46  (영덕동, 휴먼시아 흥덕마을4단지)",37.271991,127.074005
기흥구,중동 ,분양,동백 광명샤인빌,138,2014.02.27.,기흥구 언동로 193-12,37.2781226,127.1441457
기흥구,상갈동,분양,금화마을 주공그린빌4단지,742,2001.10.12.,"기흥구 금화로58번길 10 (상갈동, 금화마을주공4단지아파트)",37.2627132,127.1101597
기흥구,상갈동,분양,금화마을주공그린빌,40,2001.09.07.,"기흥구 금화로11번길 15 (상갈동, 금화마을주공2단지아파트)",37.2632963,127.1057712
기흥구,상갈동,분양,금화마을 주공그린빌 6단지,228,2001.09.07.,"기흥구 금화로11번길 9 (상갈동, 금화마을주공6단지아파트)",37.2628099,127.1050877
기흥구,상갈동,분양,금화마을 주공그린빌3단지,1070,2001.10.08.,"기흥구 금화로11번길 10 (상갈동, 금화마을주공3단지아파트)",37.2624231,127.1071632
기흥구,상하동,분양,인정프린스아파트,367,1996.12.20.,"기흥구 중부대로 820 (상하동, 인정프린스아파트)",37.2559873,127.1428991
기흥구,상하동,분양,용인 대우아파트,432,1997.05.09.,"기흥구 중부대로 735 (상하동, 대우아파트)",37.262862,127.1411955
기흥구,상하동,분양,풍림아파트,469,1998.11.14.,"기흥구 어정로 80 (상하동, 풍림아파트)",37.2726561,127.139812
기흥구,상하동,분양,수원동마을 쌍용아파트,1342,2002.05.30.,"기흥구 중부대로788번길 20 (상하동, 수원동마을쌍용스윗닷홈아파트)",37.257187,127.139407
기흥구,상하동,분양,강남마을 한라비발디,890,2004.05.25.,"기흥구 강남동로 128 (상하동, 강남마을한라비발디아파트)",37.275601,127.137879
기흥구,상하동,분양,수원동마을 쌍용스윗닷홈 2단지(201-207),465,2004.11.23.,"기흥구 중부대로788번길 15 (상하동, 수원동마을쌍용스윗닷홈2단지)",37.257187,127.139407
기흥구,상하동,분양,갈천마을 신일유토빌아파트,510,2004.12.08.(2003.08.14).,"기흥구 어정로 62-7 (상하동, 신일유토빌아파트)",37.2711035,127.1389174
기흥구,상하동,분양,지석마을 진흥더루벤스(1단지),200,2009.03.13(2008.12.31),"기흥구 중부대로746번길 20 (상하동, 지석마을진흥더루벤스1단지)",37.2609551,127.1374222
기흥구,상하동,분양,지석마을 진흥더루벤스(2단지),851,2009.03.13(2008.12.31),"기흥구 중부대로746번길 21 (상하동, 지석마을진흥더루벤스2단지)",37.2596913,127.1387418
기흥구,상하동,분양,지석마을 그대가 크레던스,554,2011.04.01(2010.10.01.),"기흥구 어정로 62-28 (상하동, 지석마을그대가크레던스)",37.2684351,127.136518
기흥구,서천동,분양,서그내마을 에스케이아파트,807,2002.05.20.,"기흥구 예현로 15 (서천동, 에스케이비우아파트)",37.2445199,127.0716548
기흥구,영덕동,임대,흥덕마을 휴먼시아 1단지(임대),1254,2009.02.06.,"기흥구 흥덕1로79번길 7  (영덕동, 휴먼시아 흥덕마을1단지)",37.275762,127.071276
기흥구,중동 ,임대,초당마을 3단지 주공아파트,816,2006.04.27.,"기흥구 동백중앙로 41  (중동, 초당마을주공아파트)",37.2597422,127.1618492
기흥구,보정동,분양,솔뫼마을 현대홈타운,382,2001.12.20.,"기흥구 이현로30번길 7 (보정동, 솔뫼마을현대홈타운)",37.3095812,127.097069
기흥구,보정동,분양,연원마을 금호베스트빌,144,2002.06.21.,"기흥구 용구대로 2442-2 (보정동, 연원마을금호아파트)",37.304093,127.1073251
기흥구,보정동,분양,연원마을 삼성명가타운아파트,424,2002.12.13.,"기흥구 용구대로 2460 (보정동, 연원마을삼성명가타운아파트)",37.3050968,127.1080476
기흥구,보정동,분양,죽전 극동 스타클래스 3차,36,2010.04.30.,"기흥구 죽현로80번길 38 (보정동, 죽전마을스타클래스3차)",37.3160402,127.1222959
기흥구,보정동,분양,죽전 힐스테이트 타운하우스,27,2009.12.24.,"기흥구 죽현로 59-27 (보정동, 죽전 힐스테이트 타운하우스)",37.3192619999999,127.119185
기흥구,보정동,분양,죽현마을 엘지자이,238,2004.06.30.,"기흥구 보정로 88 (보정동, 죽현마을 엘지자이)",37.3175121,127.1149354
기흥구,보정동,분양,죽전 누리에뜰(주상복합),200,2005.12.30.,"기흥구 죽전로 20 (보정동, 죽전누리에뜰아파트)",37.3201958,127.1106855
기흥구,보정동,분양,죽현마을 아이파크,1466,2004.07.26,"기흥구 보정로 87 (보정동, 현대아이파크1차아파트)",37.3240114,127.120518
기흥구,보정동,분양,죽현마을 동원로얄듀크,706,2006.04.27.,"기흥구 죽현로 12 (보정동, 죽현마을동원로얄듀크아파트)",37.3175121,127.1149354
기흥구,보정동,분양,신촌마을 현대포스홈타운 1단지,884,2004.09.30.,"기흥구 용구대로2518번길 15 (보정동, 신촌마을포스홈타운1단지아파트)",37.3111539,127.1101312
기흥구,보정동,분양,신촌마을 상록데시앙,230,2006.9.29.,"기흥구 보정로 26 (보정동, 신촌마을 상록데시앙)",37.3105106,127.1089422
기흥구,보정동,분양,죽전자이2차 아파트(주상복합),275,2005.12.30.,"기흥구 용구대로2469번길 20 (보정동, 자이아파트)",37.3079519,127.1063048
기흥구,보정동,분양,죽전 일성트루엘,64,2010.12.14.,"기흥구 용구대로2469번길 10 (보정동, 죽전 일성트루엘)",37.3074854,127.1059921
기흥구,보정동,분양,신촌마을 현대포스홈타운 2단지,423,2004.09.30.,"기흥구 신촌로47번길 11 (보정동, 신촌마을포스홈타운2단지아파트)",37.3105106,127.1089422
기흥구,보정동,분양,용인 죽전 비스하임 타운하우스,21,2010.09.28.,기흥구 신촌로73번길 10 (보정동),37.3071232,127.1131755
기흥구,보정동,분양,신촌마을 죽전스타클래스 타운하우스,36,2008.03.31.,"기흥구 신촌로 77 (보정동, 신촌마을 죽전스타클래스타운하우스)",37.3062356999999,127.113797
기흥구,보정동,분양,용인보정 꿈에그린아파트,379,2012.10.30.,"기흥구 구교동로 17 (보정동, 용인보정꿈에그린아파트)",37.3194191,127.1165151
기흥구,보정동,분양,연원마을 성원A,691,2000.11.01.,"기흥구 연원로 49 (보정동, 연원마을성원상떼빌아파트)",37.3013889,127.1105556
기흥구,상갈동,분양,넥스빌아파트,142,1997.06.26.,"기흥구 금화로108번길 21 (상갈동, 넥스빌아파트)",37.2680671,127.106189
기흥구,상갈동,분양,금화마을 주공그린빌5단지,681,2001.10.16.,"기흥구 금화로82번길 17 (상갈동, 금화마을주공5단지아파트)",37.2664072,127.1120483
기흥구,상갈동,분양,금화마을 대우현대아파트,664,2001.06.20.,"기흥구 금화로82번길 14 (상갈동, 금화마을대우현대1단지아파트)",37.2624231,127.1071632
수지구,동천동 ,분양,동문그린아파트,227,1998. 11. 14.,"수지구 고기로45번길 58 (동천동, 동문그린아파트)",37.3393702,127.0929647
수지구,동천동 ,분양,행림마을 진로아파트,269,2000. 04. 11.,"수지구 고기로 11 (동천동, 행림마을진로아파트)",37.3420366,127.1002695
수지구,동천동 ,분양,수지 풍림2차아파트,271,1998.12.31.,"수지구 동천로 18 (동천동, 풍림아파트)",37.3415645,127.1002417
기흥구,영덕동,임대,흥덕마을 12단지 신동아파밀리에,759,2009.10.29.,"기흥구 흥덕3로 20  (영덕동, 흥덕마을신동아파밀리에아파트)",37.2714916,127.0842068
기흥구,청덕동,임대,구성 물푸레마을 휴먼시아 9단지,948,2008.09.11.,"기흥구 구성로 392  (청덕동, 휴먼시아물푸레마을9단지아파트)",37.2937934,127.1509604
기흥구,청덕동,임대,구성 물푸레마을 휴먼시아 1단지,618,2008.07.16.,"기흥구 구성2로 52  (청덕동, 휴먼시아물푸레마을1단지아파트)",37.29521,127.146655
기흥구,청덕동,임대,구성 물푸레마을 휴먼시아 2단지,389,2008.06.03.,"기흥구 구성3로 37  (청덕동, 휴먼시아물푸레마을2단지아파트)",37.2949876,127.1489335
기흥구,청덕동,임대,구성 물푸레마을 휴먼시아 5단지,712,2008.06.03.,"기흥구 구성3로 38  (청덕동, 휴먼시아물푸레마을5단지아파트)",37.295555,127.150132
기흥구,서천동,분양,예현마을 현대홈타운,622,2002.11.21.,"기흥구 예현로35번길 21 (서천동, 예현마을현대홈타운아파트)",37.2412052,127.0672304
기흥구,서천동,분양,서그내마을 서천아이파크,243,2009.09.30.,"기흥구 서그내로16번길 14 (서천동, 서그내마을 서천아이파크)",37.2460765,127.0724415
기흥구,신갈동,분양,기흥 더샵 프라임뷰,612,2013.09.03.,기흥구 구갈로 71-18 (신갈동),37.2816781,127.1101464
기흥구,중동 ,분양,신동백서해그랑블1차아파트,236,2013.07.26.,"기흥구 동백죽전대로527번길 81 (중동, 서해그랑블 아파트)",37.258646,127.1624825
기흥구,중동 ,분양,어정마을 롯데캐슬에코 2단지,868,2013.06.20.,"기흥구 동백죽전대로527번길 67 (중동, 롯데캐슬)",37.2604871,127.1612299
기흥구,중동 ,분양,어정마을 롯데캐슬에코 1단지,1902,2013.06.20.,"기흥구 동백죽전대로527번길 80 (중동, 롯데캐슬1단지)",37.2589312,127.1621681
기흥구,영덕동,분양,용인 청명 센트레빌,233,2013.06.04.,기흥구 영통로525번길 35 (영덕동),37.2706356,127.0959174
기흥구,하갈동,분양,"""청명호수마을 신안인스빌2단지
""",174,2009.06.08.,"기흥구 덕영대로 1883 (하갈동, 청명호수마을신안인스빌2단지아파트)",37.2556026,127.0907173
기흥구,하갈동,분양,청명호수마을 신안인스빌1단지,829,2009.06.08.,"기흥구 덕영대로 1871 (하갈동, 청명호수마을신안인스빌1단지아파트)",37.2543856,127.0889124
기흥구,청덕동,분양,물푸레마을 용인구성호반베르디움,308,2008.06.26.,"기흥구 구성로 411 (청덕동, 물푸레마을호반베르디움8단지아파트)",37.2937934,127.1509604
기흥구,청덕동,분양,구성 물푸레마을 휴먼시아 7단지,398,2009.07.27.,"기흥구 구성로 395 (청덕동, 휴먼시아물푸레마을7단지아파트)",37.2937934,127.1509604
기흥구,청덕동,분양,구성 물푸레마을 휴먼시아 6단지,367,2009.07.27.,"기흥구 구성로 475 (청덕동, 휴먼시아물푸레마을6단지아파트)",37.2960432,127.1531823
기흥구,청덕동,분양, 물푸레마을 4단지 경남아너스빌 ,240,2008.06.18.,"기흥구 구성로 470 (청덕동, 물푸레마을경남아너스빌아파트)",37.2976382,127.1531397
기흥구,청덕동,분양,구성 물푸레마을 휴먼시아 3단지,988,2008.10.07.,"기흥구 구성3로 65 (청덕동, 휴먼시아물푸레마을3단지아파트)",37.2997605,127.1502859
기흥구,청덕동,분양,청덕마을 광도와이드빌아파트,476,2003.08.08.,"기흥구 언동로71번길 64 (청덕동, 청덕마을광도와이드빌아파트)",37.2874051999999,127.14535
기흥구,지곡동,분양,자봉마을 써니밸리아파트,1092,2004.11.05.,"기흥구 사은로 274-22 (지곡동, 자봉마을써니밸리아파트)",37.2511595,127.1354908
기흥구,중동 ,분양,어은목마을 대원칸타빌,432,2006.04.19.,"기흥구 동백2로 37 (중동, 어은목마을대원칸타빌아파트) ",37.2694278,127.1568286
기흥구,중동 ,분양,어은목마을 한라비발디,248,2006.02.27.,"기흥구 동백4로 72 (중동, 어은목마을한라비발디아파트)",37.2679078,127.1563772
기흥구,중동 ,분양,성산마을 카운티스,96,2006.10.26.,"기흥구 동백2로 108 (중동, 성산마을 카운티스)",37.2585842,127.1671357
기흥구,중동 ,분양,백현마을 상록롯데캐슬,295,2007.02.06.,"기흥구 동백5로 79 (중동, 백현마을롯데캐슬아파트)",37.2765666,127.1574882
기흥구,언남동,분양,유원 휴 하임,149,2013.10.17.,기흥구 구성로 109 (언남동),37.293442,127.121389
기흥구,영덕동,분양,흥덕마을8단지 한국아델리움아파트,474,2010.08.06.,"기흥구 흥덕2로118번길 25 (영덕동, 흥덕마을8단지아델리움아파트)",37.2718661,127.0737664
기흥구,중동 ,분양,성산마을 신영지웰,590,2006.08.31.,"기흥구 동백5로 41 (중동, 성산마을신영지웰아파트)",37.276237,127.1548709
기흥구,중동 ,분양,성산마을 남광하우스토리,134,2007.11.16.(2007.10.19.),"기흥구 동백5로 62 (중동, 성산마을 남광하우스토리)",37.2585842,127.1671357
기흥구,중동 ,분양,성산마을 어울림 타운하우스,24,2008.10.13.,"기흥구 동백4로 27 (중동, 성산마을어울림타운하우스)",37.272339,127.1536126
기흥구,중동 ,분양,성산마을 어울림 타운하우스,24,2008.10.13.,"기흥구 동백4로 53 (중동, 성산마을 어울림타운하우스)",37.2725569,127.1567504
기흥구,중동 ,분양,성산마을 서해그랑블,564,2006.04.27.,"기흥구 동백4로 26 (중동, 성산마을서해그랑블아파트)",37.2716851,127.1550162
기흥구,중동 ,분양,참솔마을 월드메르디앙,966,2006.02.28.,"기흥구 동백죽전대로 283 (중동, 참솔마을월드메르디앙) ",37.2648552,127.1538283
기흥구,중동 ,분양,어정마을 서희삼정아파트,390,2003.05.17.,"기흥구 언동로 193-26 (중동, 어정마을삼정그린뷰아파트)",37.2793646,127.1450498
기흥구,중동 ,분양,어은목마을 코아루아파트,533,2006.03.29.,"기흥구 동백2로 11 (중동, 어은목마을코아루아파트)",37.267024,127.156997
기흥구,중동 ,분양,어은목마을 코아루아파트,592,2006.03.29.,"기흥구 동백2로 12 (중동, 어은목마을코아루아파트)",37.267024,127.156997
기흥구,중동 ,분양,초당마을 코아루아파트,289,2006.03.29.,"기흥구 동백1로 9 (중동, 초당마을코아루아파트)",37.2642454,127.1574124
기흥구,중동 ,분양,초당마을 코아루아파트,279,2006.03.29.,"기흥구 동백1로 12 (중동, 초당마을코아루아파트)",37.2633455,127.1582015
기흥구,중동 ,분양,초당마을 현진에버빌,320,2006.02.27.,"기흥구 동백중앙로 73 (중동, 초당마을현진에버빌아파트)",37.2622974,127.1593216
기흥구,서천동,분양,서천마을 1단지,826,2012.12.17.,"기흥구 서천서로 27 (서천동, 서천마을 1단지)",37.2454943,127.0802361
기흥구,서천동,분양,서천마을 4단지,556,2012.12.17.,"기흥구 서천동로 60 (서천동, 서천마을4단지)",37.238416,127.0788232
기흥구,영덕동,분양,흥덕마을 5단지 호반베르디움,527,2009.11.05.,"기흥구 흥덕1로79번길 37 (영덕동, 흥덕마을5단지호반베르디움아파트)",37.2744927,127.0691151
기흥구,영덕동,분양,흥덕마을 자연앤스위첸,502,2009.08.13.,"기흥구 흥덕2로117번길 14 (영덕동, 흥덕마을6단지자연앤스위첸아파트)",37.2778126,127.0714569
기흥구,영덕동,분양,흥덕마을 힐스테이트,570,2010.08.19.,"기흥구 흥덕2로 126 (영덕동, 흥덕마을7단지흥덕힐스테이트아파트)",37.2794202,127.0735256
기흥구,영덕동,분양,흥덕마을 이던하우스,486,2009.05.14.,"기흥구 흥덕2로118번길 26 (영덕동, 흥덕마을9단지이던하우스아파트)",37.2718661,127.0737664
기흥구,중동 ,분양,백현마을 동일하이빌,743,2006.03.21.,"기흥구 동백중앙로 312 (중동, 백현마을 동일하이빌)",37.2798532,127.1576534
기흥구,영덕동,분양,흥덕마을동원로얄듀크,720,2010.07.29.,"기흥구 흥덕중앙로105번길 24 (영덕동, 흥덕마을10단지동원로얄듀크아파트)",37.277624,127.077668
기흥구,신갈동,분양,녹원마을 새천년그린빌 5단지,915,2004.08.23.,"기흥구 기흥로116번길 60 (신갈동, 녹원마을새천년그린빌5단지아파트)",37.2882566,127.118794
기흥구,신갈동,분양,산양마을 푸르지오아파트,346,2004.07.30.,"기흥구 기흥로116번길 77 (신갈동, 산양마을푸르지오아파트)",37.2897299,127.1177974
기흥구,신갈동,분양,신갈 정문아파트,85,1997.10.24.,"기흥구 신갈로124번길 27-2 (신갈동, 정문아파트)",37.277989,127.1091871
기흥구,신갈동,분양,녹원마을 새천년 그린빌 2단지아파트,238,2004.06.17.,"기흥구 새천년로 27 (신갈동, 녹원마을새천년그린빌2단지아파트)",37.2897866,127.111778
기흥구,신갈동,분양,녹원마을 새천년 그린빌 1단지,414,2006.03.15.,"기흥구 새천년로 13 (신갈동, 녹원마을새천년그린빌1단지아파트)",37.2898687,127.1105198
기흥구,신갈동,분양,둥지아파트,64,1996.04.17.,"기흥구 상미로49번길 20 (신갈동, 둥지아파트)",37.2734062,127.0985983
기흥구,신갈동,분양,동오아파트,99,1989.01.11.,"기흥구 용구대로2152번길 18 (신갈동, 동오연립)",37.2792389,127.1077428
기흥구,신갈동,분양,원대마을 신갈한신아파트,367,2002.08.31.,"기흥구 신갈로 102 (신갈동, 원대마을한신아파트)",37.276017,127.1063263
기흥구,신갈동,분양,새릉골마을 풍림아파트,340,2001.03.17.,"기흥구 기흥로116번길 7 (신갈동, 새릉골풍림아파트)",37.2868139,127.1120132
기흥구,신갈동,분양,도현마을 현대아파트,568,2001.05.25.,"기흥구 구갈로 115-16 (신갈동, 도현마을아이파크아파트)",37.2857008,127.1094298
기흥구,신갈동,분양,고현마을 고려에센스빌,72,2003.07.31.,"기흥구 용구대로2152번길 7 (신갈동, 고현마을고려에센스빌)",37.280088,127.1065972
기흥구,신갈동,분양,갈현마을 현대홈타운,584,2001.06.21.,"기흥구 관곡로 16 (신갈동, 갈현마을현대홈타운아파트)",37.2817385,127.1066872
기흥구,신갈동,분양,양현마을 풍림 신안아파트,776,2001.05.23.,"기흥구 산양로 17 (신갈동, 양현마을풍림신안아파트)",37.2839327,127.106826
기흥구,신갈동,분양,인성마을 신갈현대아파트,293,1997.06.04.,"기흥구 용구대로 2242 (신갈동, 인성마을현대아파트)",37.2867008,127.1083516
기흥구,신갈동,분양,신미주아파트,247,1995.02.24.,"기흥구 신갈로138번길 12 (신갈동, 신미주아파트)",37.2784612,127.1069929
기흥구,신갈동,분양,삼익아파트,296,1999.02.20.,"기흥구 신갈로124번길 3 (신갈동, 삼익아파트)",37.2783787,127.1062543
기흥구,신갈동,분양,드림랜드아파트,299,1992.08.05.,"기흥구 용구대로2152번길 39 (신갈동, 드림랜드아파트)",37.2800495,127.1101009
기흥구,신갈동,분양,도무스빌,46,2011.11.30,"기흥구 신갈로138번길 11 (신갈동, 도무스빌)",37.2791033,127.1070959
기흥구,신갈동,분양,녹원마을 새천년그린빌 4단지,923,2004.07.16.,"기흥구 새천년로 40 (신갈동, 녹원마을새천년그린빌4단지아파트)",37.2890711,127.1124087
기흥구,언남동,분양,스파 팰리스 리가,533,2013.02.07(2012.07.02),"기흥구 언남로 5 (언남동, 스파팰리스리가)",37.2835516,127.1355779
기흥구,영덕동,분양,우남퍼스트빌 리젠트,153,2009.04.24.,"기흥구 흥덕중앙로105번길 40 (영덕동, 흥덕마을15단지흥덕우남퍼스트빌리젠트아파)",37.2803216,127.0812453
기흥구,영덕동,분양,흥덕마을 11단지 경남아너스빌,545,2009.04.28.,"기흥구 흥덕중앙로105번길 41 (영덕동, 흥덕마을11단지경남아너스빌아파트)",37.2803484,127.0780427
기흥구,영덕동,분양,청현마을 기흥데시앙아파트,400,2005.01.11.(2004.09.04.),"기흥구 덕영대로2077번길 53 (영덕동, 청현마을태영데시앙아파트)",37.2655459,127.0942167
기흥구,영덕동,분양,청현마을 대명레이크빌아파트,401,2005.01.07.(2004.07.01.),"기흥구 덕영대로2077번길 55 (영덕동, 청현마을대명레이크빌아파트)",37.264963,127.092828
기흥구,영덕동,분양,영통빌리지,472,1999.11.06.,"기흥구 중부대로55번길 11 (영덕동, 주공영통빌리지)",37.267577,127.075503
기흥구,영덕동,분양,영덕 신일 1차아파트,662,1998.12.12.,"기흥구 덕영대로2077번길 20 (영덕동, 청현마을신일아파트)",37.2675494,127.095916
기흥구,영덕동,분양,영덕 신일 2차아파트,239,1998.12.12.,"기흥구 덕영대로2077번길 20 (영덕동, 청현마을신일아파트)",37.2675494,127.095916
기흥구,영덕동,분양,청현마을 신갈 두진아파트,541,1996.11.08.,"기흥구 덕영대로2077번길 8 (영덕동, 두진아파트)",37.2685454,127.096163
기흥구,영덕동,분양,흥덕마을 13단지 경남아너스빌,368,2009.06.19.,"기흥구 흥덕4로30번길 11 (영덕동, 흥덕마을13단지경남아너스빌아파트)",37.2752946,127.0918
기흥구,영덕동,분양,흥덕마을14단지 호반베르디움,236,2010.02.05.,"기흥구 흥덕3로 60 (영덕동, 흥덕마을14단지호반베르디움아파트)",37.273934,127.083217
기흥구,언남동,분양,캐슬타운,40,2012.06.19.,기흥구 언남로29번서길 1 (언남동),37.2958733,127.128489
기흥구,언남동,분양,초원마을 성원상떼빌,860,2005.05.18.,"기흥구 기흥로116번길 100 (언남동, 초원마을성원상떼빌아파트)",37.289339,127.120586
기흥구,언남동,분양,하마비마을 동일하이빌2차아파트,837,2002.08.01.,"기흥구 언남로 15 (언남동, 동일하이빌2차아파트)",37.2933368,127.1275089
기흥구,언남동,분양,장미마을 삼성래미안 2차 아파트,1219,2003.12.17.,"기흥구 구성로 90 (언남동, 삼성래미안2차아파트)",37.2929651,127.1183347
기흥구,언남동,분양,하마비마을 동부센트레빌,418,2002.01.31.,"기흥구 구성로 99 (언남동, 하마비마을동부센트레빌아파트)",37.2949317,127.1216576
기흥구,언남동,분양,언동마을 신일해피트리,591,2001.12.12.,"기흥구 구성로 184 (언남동, 푸른솔신일아파트)",37.2906602,127.1300277
기흥구,언남동,분양,하마비마을 동일하이빌1차,999,2001.09.21.,"기흥구 구성로 105-15 (언남동, 동일하이빌1차아파트)",37.2934596,127.1208522
기흥구,언남동,분양,동부아파트,446,1998.12.03.,"기흥구 구성로 123 (언남동, 하마비마을동부아파트)",37.2936818,127.122602
기흥구,중동 ,분양,어정마을 동백아이파크,313,2007.03.22.,"기흥구 언동로217번길 11 (중동, 어정마을동백아이파크아파트)",37.2778508,127.1453503
기흥구,보라동,분양,한보라마을 휴먼시아6단지,762,2008.04.17.,"기흥구 한보라1로 91 (보라동, 한보라마을휴먼시아6단지아파트)",37.2475962,127.1068039
기흥구,마북동,분양,교동마을 신창아파트,490,1996.12.23.,"기흥구 마북로 186 (마북동, 교동마을신창아파트)",37.3057915,127.1267124
기흥구,동백동,분양,해든마을 동백동문굿모닝힐,512,2007.11.30.,"기흥구 동백죽전대로 455-10 (동백동, 해든마을동문굿모닝힐아파트)",37.2809403,127.1507634
기흥구,동백동,분양,동원마을 동원로얄듀크,477,2007.07.31.,"기흥구 동백죽전대로 455-17 (동백동, 동원로얄듀크아파트)",37.2789206,127.1490086
기흥구,동백동,분양,백현마을 한라비발디(2단지),304,2006.02.27.,"기흥구 동백7로 96 (동백동, 백현마을한라비발디아파트)",37.279908,127.1609343
기흥구,동백동,분양,백현마을 코아루아파트,414,2006.03.29.,"기흥구 동백7로 80 (동백동, 백현마을코아루아파트)",37.2808506999999,127.1592655
기흥구,동백동,분양,호수마을 서해그랑블,536,2006.04.20.,"기흥구 동백7로 56 (동백동, 호수마을서해그랑블아파트)",37.282294,127.1578212
기흥구,동백동,분양,호수마을 동보노빌리티,481,2006.02.27.,"기흥구 동백평촌로 39 (동백동, 호수마을동보노빌리티아파트)",37.286961,127.1538492
기흥구,동백동,분양,호수마을상록롯데캐슬,552,2007.02.06.,"기흥구 동백평촌로 70 (동백동, 호수마을상록롯데캐슬아파트)",37.286961,127.1538492
기흥구,동백동,분양,호수마을 계룡리슈빌,567,2006.03.02.,"기흥구 동백평촌로 15 (동백동, 호수마을계룡리슈빌아파트)",37.2843502,127.154988
기흥구,동백동,분양,백현마을 모아미래도,838,2006.02.27.,"기흥구 동백8로 90 (동백동, 백현마을모아미래도아파트)",37.2819618,127.1633762
기흥구,동백동,분양,백현마을 한라비발디(1단지),342,2006.02.27.,"기흥구 동백7로 97 (동백동, 백현마을한라비발디아파트) ",37.2810064,127.1620791
기흥구,동백동,분양,백현마을 모아미래도(2단지),336,2006.02.27.,"기흥구 동백8로 126 (동백동, 백현마을모아미래도아파트)",37.2820247999999,127.1634921
기흥구,동백동,분양,백현마을 휴먼시아 8단지,600,2006.11.06.,"기흥구 동백8로131번길 9 (동백동, 백현마을휴먼시아아파트)",37.2835322,127.1648943
기흥구,동백동,분양,백현마을 서해그랑블,482,2006.04.20.,"기흥구 동백8로 89 (동백동, 백현마을서해그랑블아파트)",37.2849797,127.16086
기흥구,동백동,분양,호수마을 휴먼시아 5단지,488,2006.11.06.,"기흥구 동백8로 27 (동백동, 호수마을어울림아파트)",37.2866833,127.1547935
기흥구,마북동,분양,교동마을 정광아파트,478,1997.11.03.,"기흥구 마북로154번길 16 (마북동, 교동마을정광아파트)",37.3023033,127.125061
기흥구,마북동,분양,구성 우림아파트,362,1998.01.14.,"기흥구 구성로39번길 13 (마북동, 우림필유아파트)",37.2962308,127.1132865
처인구,백암면 근창리,분양,동은아파트,50,1994.04.02,처인구 백암면 근창로35번길 8 (동은아파트),37.1630911,127.3716649
처인구,백암면 근창리,분양,덕현빌라,27,1986.01.29,처인구 백암면 근창로 38-6 (덕현빌라),37.1638444,127.3703164
처인구,백암면 근창리,분양,강림아파트,58,1990.12.31,처인구 백암면 근창로 38-9 (강림아파트),37.1637021,127.3698039
처인구,포곡읍 전대리,분양,녹십자아파트,30,1990.12.12,처인구 포곡읍 전대로 68 (녹십자아파트),37.2844902,127.2186763
처인구,포곡읍 전대리,분양,조양아파트,88,1995.06.07,처인구 포곡읍 전성로 10 (조양아파트),37.2846846,127.2163709
처인구,김량장동,임대,김량장 주공아파트,495,19981025,"처인구 중부대로1388번길 6-14  (김량장동, 김량주공2단지아파트)",37.2332326999999,127.1963404
처인구,마평동,임대,마평 주공아파트,639,2004.09.24,"처인구 고림로 22  (마평동, 마평주공아파트)",37.235595,127.2135
기흥구,고매동,분양,동성아파트,216,1997.01.09.,"기흥구 고매로 26 (고매동, 동성아파트)",37.2309732,127.1121163
기흥구,고매동,분양,세원아파트,320,1993.05.01.,"기흥구 공세로 76 (고매동, 세원아파트)",37.231492,127.108782
기흥구,고매동,분양,매화마을 우남드림밸리아파트,168,2002.09.12.,"기흥구 고매로34번길 10 (고매동, 매화마을우남퍼스트빌아파트)",37.2299825,127.1123143
기흥구,고매동,분양,매화마을 우림홀인원아파트,299,2003.10.04.,"기흥구 고매로34번길 31 (고매동, 매화마을우림홀인원아파트)",37.2284396,127.1148546
기흥구,고매동,분양,기흥 써니밸리 아파트,171,2009.12.31.,"기흥구 고매로 16 (고매동, 기흥써니벨리아파트)",37.2308837,127.1109938
기흥구,보정동,분양,행원마을 동아솔레시티아파트,1701,2003.03.05(2001.08.11),"기흥구 보정로 30 (보정동, 동아솔레시티아파트) ",37.3119042999999,127.1122742
기흥구,보라동,분양,한보라마을 화성파크드림,311,2007.07.27.,"기흥구 한보라2로 93 (보라동, 한보라마을화성파크드림아파트)",37.2463092,127.1095436
기흥구,보라동,분양,한보라마을 2단지 일성트루엘,88,2008.11.19.,"기흥구 한보라1로21번길 58 (보라동, 한보라마을2단지일성트루엘아파트)",37.250564,127.113315
기흥구,동백동,분양,호수마을 월드메르디앙,286,2006.06.23.,"기흥구 동백8로 19 (동백동, 호수마을월드메르디앙아파트)",37.28556,127.152353
기흥구,동백동,분양,호수마을 자연앤데시앙,432,2006.08.18.,"기흥구 동백8로 9 (동백동, 호수마을자연&데시앙아파트)",37.286961,127.1538492
기흥구,구갈동,분양,강남마을 계룡리슈빌,528,2004.06.25.,"기흥구 강남동로 54 (구갈동, 강남마을7단지계룡리슈빌아파트)",37.269784,127.132347
기흥구,구갈동,분양,풍림아파트,205,1994.04.29.,"기흥구 구갈로28번길 12 (구갈동, 풍림아파트)",37.2767707,127.1129109
기흥구,구갈동,분양,신명아파트,60,1993.05.17.,"기흥구 구갈로28번길 34 (구갈동, 신명아파트)",37.2771174,127.1153983
기흥구,구갈동,분양,구갈 동부아파트,200,1992.12.01.,"기흥구 구갈로28번길 32 (구갈동, 동부아파트)",37.2769615,127.1148532
기흥구,구갈동,분양,구갈 한성1차아파트,570,1992.11.18.,"기흥구 기흥로 29 (구갈동, 한성1차아파트)",37.278775,127.1147901
기흥구,구갈동,분양,가현마을 신안아파트,364,2001.12.17.,"기흥구 관곡로 53 (구갈동, 가현마을 신안아파트)",37.2837451,127.1122929
기흥구,구갈동,분양,우성에비뉴,96,2007.09.21.,"기흥구 기흥로38번길 53 (구갈동, 우성에비뉴)",37.2764581,127.1194248
기흥구,구갈동,분양,안골마을 롯데캐슬,99,2005.04.28.,"기흥구 기흥로38번길 54 (구갈동, 안골마을롯데캐슬아파트)",37.2769893,127.1181029
기흥구,구갈동,분양,세종그랑시아 2차,194,1999.11.08.,"기흥구 기흥로38번길 34 (구갈동, 세종그랑시아2차아파트)",37.2784128,127.1179982
기흥구,구갈동,분양,세종그랑시아 1차,120,1999.10.30.,"기흥구 기흥로38번길 11 (구갈동, 세종그랑시아1차아파트)",37.2784128,127.1179982
기흥구,공세동,분양,탑실마을 대주피오레 2단지,1290,2009.07.31.,"기흥구 탑실로 152 (공세동, 탑실마을대주피오레2단지아파트)",37.2430464,127.1218279
기흥구,공세동,분양,탑실마을 대주피오레1단지,710,2009.05.26.,"기흥구 탑실로 15 (공세동, 탑실마을대주피오레1단지아파트)",37.2401063,127.1084713
기흥구,공세동,분양,공세 호수마을 상떼레이크뷰,345,2010.01.22.,"기흥구 동탄기흥로 864 (공세동, 공세성원상떼레이크뷰)",37.2340393,127.1031097
기흥구,공세동,분양,한보라마을 휴먼시아 9단지,600,2006.10.13.,"기흥구 한보라2로 167 (공세동, 한보라마을휴먼시아9단지아파트)",37.2463092,127.1095436
기흥구,공세동,분양,용인 파크드림 프라브,261,2009.11.30.,"기흥구 한보라2로 141 (공세동, 화성파크드림프라브아파트)",37.2453542,127.1107434
기흥구,공세동,분양,불곡마을 벽산블루밍아파트,390,2005.07.22.(2005.05.31.),"기흥구 고매로43번길 32-2 (공세동, 불곡마을벽산블루밍아파트) ",37.232632,127.116623
기흥구,구갈동,분양,구갈 한성2차아파트,384,1993.07.05.,"기흥구 구갈로 16 (구갈동, 한성2차아파트)",37.2762069,127.1131707
기흥구,구갈동,분양,신동아,48,1986.11.11.,"기흥구 신구로 80 (구갈동, 신동아APT)",37.2792279,127.1098922
기흥구,구갈동,분양,강남마을 자연앤(6단지),437,2004.08.05.,"기흥구 강남동로 42 (구갈동, 강남마을6단지자연&아이원아파트)",37.2690983,127.1314194
기흥구,구갈동,분양,강남마을 자연앤(4단지),344,2004.08.07.,"기흥구 강남동로 43 (구갈동, 강남마을4단지써미트빌아파트)",37.270008,127.132198
기흥구,구갈동,분양,강남마을 코오롱하늘채아파트,530,2004.09.24.,"기흥구 강남동로 20 (구갈동, 강남마을코오롱하늘채아파트)",37.2700924,127.1288615
기흥구,구갈동,분양,강남마을 3단지 주공아파트,138,2004.11.30.,"기흥구 강남서로 52 (구갈동, 강남마을3단지주공아파트) ",37.2753454,127.1290697
기흥구,구갈동,분양,강남마을 한라비발디 아델70,70,2005.05.27.,"기흥구 강남서로 86 (구갈동, 강남마을한라비발디아델70아파트)",37.2786005,127.1307405
기흥구,구갈동,분양,강남마을 코오롱 하늘채 수 아파트,70,2004.10.29.,"기흥구 강남서로 94 (구갈동, 강남마을1단지코오롱하늘채수)",37.2790515,127.1296618
기흥구,구갈동,분양,기흥글로리시장아파트,44,1996.08.10.,"기흥구 신구로42번길 10 (구갈동, 영광아파트)",37.2756151,127.1104376
기흥구,구갈동,분양,구갈 풍림아파트,180,1996.07.27.,"기흥구 신구로42번길 22 (구갈동, 풍림아파트)",37.2756313,127.1117522
기흥구,구갈동,분양,우림아파트,150,1996.04.29.,"기흥구 신구로42번길 15 (구갈동, 우림아파트)",37.2760769,127.1113943
기흥구,구갈동,분양,신동아빌라,21,1986.11.11.,"기흥구 신구로64번길 8 (구갈동, 신동아빌라)",37.279198,127.1099378
기흥구,구갈동,분양,라신빌라,51,1985.04.17.,"기흥구 신구로 70 (구갈동, 라신APT)",37.2783217,127.1100517
기흥구,구갈동,분양,신갈 두원아파트,72,1994.08.19.,"기흥구 구갈로28번길 13 (구갈동, 두원아파트)",37.2776875,127.1131204
기흥구,구갈동,분양,신갈 두원아파트,42,1994.06.08.,"기흥구 구갈로28번길 13 (구갈동, 두원아파트)",37.2776875,127.1131204
기흥구,구갈동,분양,구갈 한양아파트,624,1993.12.24.,"기흥구 구갈로28번길 21-11 (구갈동, 한양아파트)",37.2786481,127.1121413
기흥구,구갈동,분양,신성아파트,98,1988.10.12.,"기흥구 구갈로 45 (구갈동, 신성APT)",37.2783227,127.1106628
처인구,삼가동,분양,삼가 풍림아파트,377,1998.12.19,"처인구 삼가로 28 (삼가동, 풍림아파트)",37.2460967,127.1669913
처인구,삼가동,분양,진우아파트,582,1999.03.13,"처인구 중부대로 1144 (삼가동, 진우아파트)",37.2390155999999,127.1717026
처인구,삼가동,분양,금령마을 우남퍼스트빌,451,2003.11.28,"처인구 금학로 91 (삼가동, 금령마을우남퍼스트빌아파트)",37.2408836,127.1731819
기흥구,마북동,분양,용화마을 태영데시앙아파트 1단지(조합),321,2003.10.14.,"기흥구 구성로 44-10 (마북동, 용화마을태영데시앙아파트)",37.2940149,127.1129918
기흥구,마북동,분양,교동마을 엘지자이,450,2001.08.11.,"기흥구 마북로 182 (마북동, 교동마을엘지자이아파트)",37.3036529,127.1253792
기흥구,마북동,분양,연원마을 현대아파트,424,2000.05.31.,"기흥구 연원로 60 (마북동, 연원마을현대아이파크아파트)",37.3013889,127.1105556
기흥구,마북동,분양,연원마을 LG아파트,396,1999.12.29.,"기흥구 연원로 5 (마북동, 연원마을엘지자이아파트)",37.3014862,127.1077421
기흥구,마북동,분양,"연원마을 삼호,벽산아파트",1576,2000.09.30.,"기흥구 연원로42번길 2 (마북동, 연원마을벽산아파트)",37.3007545,127.1104665
처인구,포곡읍 전대리,분양,장미아파트,45,1989.07.07,처인구 포곡읍 전대로76번길 13 (장미아파트),37.2858335,127.2185789
처인구,포곡읍 영문리,분양,배머루마을 인정베네치아빌리지,347,2002.03.05,처인구 포곡읍 영문로 64 (베네치아아파트),37.2721305,127.209983
처인구,포곡읍 삼계리,분양,계수마을 용인수목원 우림필유,346,2007.02.27(2006.12.30),처인구 포곡읍 백옥대로1898번길 34 (우림필유),37.2946122,127.2378268
처인구,포곡읍 삼계리,분양,진형월드아파트,32,2003.07.28,처인구 포곡읍 포곡로 289-1 (진형월드아파트),37.2806021,127.2326195
처인구,포곡읍 둔전리,분양,용인 포곡 삼성쉐르빌아파트,469,2012.09.11,처인구 포곡읍 포곡로 159 (용인포곡삼성쉐르빌아파트),37.2721091,127.2222076
처인구,포곡읍 둔전리,분양,금전마을 계룡리슈빌,441,2006.04.05,처인구 포곡읍 둔전로 15 (금전마을계룡리슈빌아파트) ,37.2666255,127.2160929
처인구,포곡읍 둔전리,분양,신원 1차아파트,474,1998.07.14,처인구 포곡읍 포곡로 90 (신원아파트),37.2673683,127.215862
처인구,포곡읍 둔전리,분양,인정멜로디아파트,831,1998.07.14,처인구 포곡읍 포곡로61번길 17 (인정멜로디아파트),37.2701831,127.2123037
처인구,포곡읍 둔전리,분양,신원 2차아파트,296,1999.12.20,처인구 포곡읍 포곡로 98-1 (용인신원2차아파트),37.2682863,127.2161325
처인구,이동읍 천리,분양,이화아파트,92,1990.10.11,처인구 이동읍 적동로 15 (이화아파트),37.1883908,127.2166792
처인구,이동읍 천리,분양,용인 라이프아파트,139,1995.03.23,처인구 이동읍 이원로 101 (라이프타워),37.18755,127.21783
기흥구,마북동,분양,용화마을 태영데시앙아파트 2단지(일반),132,2003.10.10.,"기흥구 구성로 44-5 (마북동, 용화마을태영데시앙아파트)",37.2940149,127.1129918
기흥구,마북동,분양,교동마을 쌍용아파트,340,2002.03.08.,"기흥구 마북로154번길 23 (마북동, 교동마을쌍용아파트)",37.302903,127.1276291
기흥구,보라동,분양,한보라마을 휴먼시아5단지,446,2006.12.01.,"기흥구 한보라1로43번길 22 (보라동, 한보라마을휴먼시아5단지아파트)",37.2490278,127.1098229
기흥구,보라동,분양,한보라마을 1단지 한양수자인,136,2009.03.31.,"기흥구 한보라2로 51 (보라동, 한보라마을1단지한양수자인아파트)",37.2463092,127.1095436
기흥구,보라동,분양,민속마을 현대모닝사이드 1차,1112,2004.01.27(2003.12.29),"기흥구 사은로126번길 46 (보라동, 현대모닝사이드1차아파트)",37.253666,127.120515
기흥구,보라동,분양,보라마을 현대모닝사이드 2차,771,2003.06.27.,"기흥구 용구대로 1842 (보라동, 현대모닝사이드2차아파트)",37.2521802,127.1057157
기흥구,보라동,분양,민속마을 신창미션힐아파트,926,2002.09.17,"기흥구 사은로126번길 33 (보라동, 민속마을신창미션힐아파트)",37.2512070999999,127.1222465
기흥구,보라동,분양,민속마을 쌍용아파트,1596,2002.05.20.,"기흥구 사은로126번길 10 (보라동, 민속마을 쌍용아파트)",37.2535722,127.1172429
기흥구,보라동,분양,삼성래미안아파트,370,1998.05.29.,"기흥구 한보라1로64번길 22 (보라동, 삼성래미안아파트)",37.2517612,127.1063354
기흥구,보라동,분양,기흥삼정선비마을,299,1998.10.29.,"기흥구 사은로 64 (보라동, 선비마을삼정아파트)",37.2547975,127.1125155
기흥구,마북동,분양,교동마을 마북2차 이편한세상,110,2010.11.30.,"기흥구 마북로 218 (마북동, 마북2차e편한세상)",37.3073152,127.1293294
기흥구,마북동,분양,교동마을 동양파라곤,278,2010.10.26.,"기흥구 마북로 140 (마북동, 동양 파라곤아파트)",37.3014745,127.1227597
기흥구,마북동,분양,교동마을 구성자이3차,309,2010.03.29.,"기흥구 구교동로118번길 7 (마북동, 교동마을구성자이3차아파트)",37.302514,127.118935
기흥구,마북동,분양,교동마을 마북 이-편한세상,404,2013.05.31,"기흥구 마북로 210 (마북동, 교동마을 마북 이-편한세상)",37.3036529,127.1253792
기흥구,마북동,분양,교동마을 현대홈타운,795,2003.08.01.,"기흥구 마북로 124-9 (마북동, 교동마을현대홈타운)",37.3009274,127.1230755
기흥구,마북동,분양,삼거마을 삼성래미안 1차아파트,1282,2002.12.31.,"기흥구 용구대로2394번길 27 (마북동, 삼성래미안1차아파트)",37.2990376,127.1115909
기흥구,마북동,분양,교동마을 현대필그린아파트,486,2002.01.02.,"기흥구 마북로 139 (마북동, 현대필그린아파트)",37.3030087,127.121007
기흥구,마북동,분양,연원마을 쉐르빌아파트,316,2002.05.30.,"기흥구 연원로42번길 33 (마북동, 연원마을삼성쉐르빌아파트)",37.3013196,127.1149637
처인구,이동읍 천리,분양,경일,72,1987.08.24,처인구 이동읍 백옥대로 570 (국민주택),37.1877518,127.205958
처인구,이동읍 천리,분양,용인 동아아파트,202,1993.12.30,처인구 이동읍 이원로 22 (동아아파트),37.1891227,127.20946
처인구,이동읍 천리,분양,한천마을 금광베네스타,460,2008.07.30,처인구 이동읍 백옥대로 711 (한천마을 금광네베스타),37.2002811,127.2075728
처인구,삼가동,분양,행정타운늘푸른오스카빌 3단지,174,2004.12.10,"처인구 중부대로1158번길 12 (삼가동, 행정타운늘푸른오스카빌아파트)",37.2380784,127.1715988
처인구,삼가동,분양,행정타운늘푸른오스카빌 2단지,186,2004.12.10,"처인구 중부대로1158번길 12 (삼가동, 행정타운늘푸른오스카빌아파트)",37.2380784,127.1715988
처인구,삼가동,분양,행정타운늘푸른오스카빌 1단지,315,2004.12.10,"처인구 중부대로1158번길 12 (삼가동, 행정타운늘푸른오스카빌아파트)",37.2380784,127.1715988
처인구,삼가동,분양,용인행정타운 두산위브 1단지,199,2013.11.29,"처인구 지삼로590번길 24 (삼가동, 용인행정타운두산위브1단지)",37.2379662,127.1669651
처인구,삼가동,분양,용인행정타운 두산위브 2단지,624,2013.11.29,"처인구 지삼로590번길 9 (삼가동, 용인행정타운두산위브2단지아파트)",37.2396185,127.1676664
처인구,삼가동,분양,용인행정타운 두산위브 3단지,470,2013.11.29,"처인구 지삼로590번길 29 (삼가동, 용인행정타운두산위브3단지아파트)",37.2515489,127.1629815
처인구,양지면 양지리,분양,양지아파트,60,1987.12.04,처인구 양지면 양지로143번길 7 (양지아파트),37.2352196,127.2837269
처인구,양지면 양지리,분양,양지마을 신원아침도시,156,2007.08.24,처인구 양지면 교동로 1 (신원아침도시아파트),37.2349109,127.2853868
처인구,역북동,분양,청광아파트,72,1991.03.28,"처인구 낙은로34번길 20 (역북동, 청광아파트)",37.2415784,127.1986239
처인구,역북동,분양,자연농원사원조합주택(아),71,1993.07.09,"처인구 낙은로 43 (역북동, 한우리아파트)",37.241364,127.197666
처인구,역북동,분양,전원빌라,24,1988.01.19,"처인구 금학로265번길 9-2 (역북동, 전원빌라)",37.2388622,127.1929457
처인구,역북동,분양,삼성아파트,50,1989.10.19,"처인구 금학로241번길 18-2 (역북동, 삼성맨션)",37.239273,127.1911247
처인구,역북동,분양,조양맨션,46,1989.11.27,"처인구 금학로 259 (역북동, 조양맨션)",37.2381065,127.1924579
처인구,역북동,분양,조양맨션,24,1988.12.02,"처인구 금학로 261 (역북동, 조양맨션)",37.2381065,127.1924579
처인구,역북동,분양,라이프청수아파트(청수종합시장),53,1993.10.05,"처인구 용문로 30-8 (역북동, 라이프청수아파트)",37.2374676,127.1887083
처인구,역북동,분양,삼성에버랜드사원아파트,50,1990.08.20,"처인구 용문로 42 (역북동, 삼성에버랜드사원아파트)",37.2373467,127.1904565
처인구,이동읍 천리,분양,샘골마을 풍성 신미주아파트 2단지,234,2005.02.05(2004.11.02), 처인구 이동읍 백옥대로587번길 7 (샘골마을풍성신미주아파트2단지) ,37.1890263,127.2052835
처인구,이동읍 천리,분양,샘골마을 풍성신미주아파트 1단지,800,2005.02.05(2004.11.02),처인구 이동읍 백옥대로621번길 11 (신미주아파트),37.1922759,127.2045139
처인구,이동읍 송전리,분양,송전마을 세광엔리치아파트,782,2010.04.30,처인구 이동읍 경기동로705번길 28 (세광엔리치타워),37.1383131,127.2011905
처인구,이동읍 송전리,분양,송전빌라,24,1986.11.21,처인구 이동읍 경기동로739번길 9-3 (송전빌라),37.1364849,127.2006919
처인구,유방동,분양,성웅아파트,271,1998.05.15,"처인구 영문로29번길 17 (유방동, 용인성웅아파트)",37.2672977,127.2069557
처인구,유방동,분양,인정프린스 3차아파트,380,1996.06.08,"처인구 경안천로 368 (유방동, 인정프린스3차아파트)",37.2639094,127.2166771
처인구,유방동,분양,인정프린스 2차아파트,330,1995.06.02,"처인구 경안천로 378 (유방동, 인정프린스2차아파트)",37.2639094,127.2166771
처인구,유방동,분양,인정프린스 1차아파트,375,1994.04.22,"처인구 금어로 6 (유방동, 인정프린스1차아파트)",37.2651037,127.2162604
처인구,역북동,분양,역북마을 보성아파트,162,2000.11.14,"처인구 명지로 15-33 (역북동, 역북마을보성아파트)",37.2353999,127.1901118
처인구,역북동,분양,역북마을 금강아파트,150,1999.04.14,"처인구 명지로 15-29 (역북동, 역북마을금강아파트)",37.2346347,127.1910137
처인구,역북동,분양,역북마을 신성아파트,475,1998.12.18,"처인구 명지로 15-5 (역북동, 역북마을신성아파트) ",37.2351345999999,127.1896527
처인구,역북동,분양,라이프한우리1차,86,1991.04.29,"처인구 낙은로 35 (역북동, 한우리아파트)",37.241364,127.197666
처인구,역북동,분양,삼아맨션,99,1987.06.10,"처인구 중부대로1313번길 20-15 (역북동, 삼아아파트)",37.2369678,127.1917636
처인구,역북동,분양,유성,24,1985.11.11,"처인구 중부대로1313번길 6 (역북동, 유성빌라)",37.2350792,127.1968187
기흥구,공세동,분양,기흥 호수청구아파트,498,1997.11.14.,"기흥구 공세로 226 (공세동, 청구아파트)",37.2402348,127.1032876
처인구,고림동,분양,금평마을 영화2차아파트,428,2003.12.23,"처인구 금어로 102 (고림동, 금평마을영화아파트)",37.2655097,127.2259155
처인구,고림동,분양,보평마을 삼정그린뷰아파트,360,2004.04.30,"처인구 금어로 74 (고림동, 삼정그린뷰아파트)",37.2485215,127.2253939
처인구,고림동,분양,예원마을 코아루아파트,408,2004.12.08,"처인구 한터로275번길 40 (고림동, 예원마을코아루아파트)",37.257811,127.23664
처인구,고림동,분양,예진마을 3차아파트,516,2003.07.01,"처인구 한터로152번길 62 (고림동, 예진마을인정피렌체빌리지III아파트)",37.246745,127.229704
처인구,김량장동,분양,김량장 현대아파트,755,1995.12.14,"처인구 백옥대로1068번길 12 (김량장동, 현대아파트)",37.2301687,127.2115864
처인구,김량장동,분양,라이프미성아파트,75,1991.11.30,"처인구 학산로49번길 20 (김량장동, 라이프미성아파트)",37.2396343,127.2035401
처인구,김량장동,분양,공신연립주택,96,1985.10.15,"처인구 금학로349번길 33-4 (김량장동, 공신빌라)",37.2403724,127.2018538
처인구,김량장동,분양,골드빌 아파트,53,2002.01.08,처인구 금령로71번길 8 (김량장동),37.2357861,127.2044402
처인구,김량장동,분양,대연아파트,66,1987.08.13,"처인구 중부대로1343번길 8 (김량장동, 대연아파트)",37.2357735,127.1946244
처인구,김량장동,분양,삼보라이프상가아파트,70,1996.01.29,처인구 금령로27번길 16-2 (김량장동),37.2355187,127.1987223
처인구,고림동,분양,임원마을 영화1차 아파트,513,2002.06.26,"처인구 경안천로256번길 47-16 (고림동, 임원마을영화아파트)",37.2529612,127.2260811
처인구,고림동,분양,예진마을 2차아파트,416,2001.04.20,"처인구 한터로152번길 15 (고림동, 예진마을인정피렌체빌리지II아파트",37.246171,127.229509
처인구,백암면 근창리,분양,청와아파트,93,2010.04.23,처인구 백암면 백원로 513 (청화아파트),37.1638643,127.3689685
처인구,모현읍 일산리,분양,효천마을 신안인스빌 2단지,538,2004.12.17,처인구 모현읍 문현로 326 (효천마을신안인스빌2단지아파트),37.336697,127.2434822
처인구,모현읍 일산리,분양,효천마을 신안인스빌 1단지,324,2004.12.17,처인구 모현읍 문현로 326 (효천마을신안인스빌1단지아파트),37.3367898,127.2433946
처인구,모현읍 왕산리,분양,용인 모현 스위첸아파트,308,2012.01.31,처인구 모현읍 외대로54번길 12 (KCC스위첸아파트),37.3342455,127.2534724
처인구,모현읍 왕산리,분양,풍산햇빛마을아파트,330,2000.03.24,처인구 모현읍 백옥대로2332번길 21-8 (풍산햇빛마을아파트) ,37.3322627,127.2499497
처인구,마평동,분양,푸른마을 용인자이,502,2006.03.23,"처인구 금학로 520 (마평동, 푸른마을용인자이아파트)",37.2339884,127.219476
처인구,마평동,분양,두보아파트,248,1999.10.29,"처인구 금령로173번길 14 (마평동, 두보아파트)",37.2352409999999,127.215791
처인구,마평동,분양,동남,70,1986.11.07,"처인구 경안천로36번길 8 (마평동, 동남아파트)",37.2361349,127.2113172
처인구,마평동,분양,마평 우성아파트,358,1996.05.23,"처인구 금령로173번길 5 (마평동, 우성아파트) ",37.2349684,127.2150669
처인구,마평동,분양,마평 라이프아파트,290,1993.06.11,"처인구 동부로 7 (마평동, 라이프아파트)",37.2319132,127.2144282
처인구,마평동,분양,목련,25,1990.11.06,"처인구 중부대로1504번길 31 (마평동, 목련주택)",37.2305165,127.2133464
처인구,남동,분양,구미마을 삼라마이다스빌,159,2004.01.02,"처인구 명지로 307 (남동, 삼라마이다스빌구미마을)",37.2279881,127.2097069
처인구,김량장동,분양,금학마을 금호어울림아파트,484,2009.11.24,"처인구 금령로13번길 13 (김량장동, 금학마을어울림아파트)",37.236183,127.198088
처인구,고림동,분양,인정 피렌체 빌리지 1차,639,2000.01.15,"처인구 한터로152번길 45 (고림동, 피렌체아파트)",37.2468006,127.228843
처인구,고림동,분양,이삭아파트,300,1998.12.24,"처인구 경안천로256번길 47-14 (고림동, 이삭아파트)",37.2523554,127.2272875
처인구,고림동,분양,성림아트맨션,45,1990.02.23,"처인구 고림로110번길 23-3 (고림동, 성림아트맨션)",37.2407822,127.2170729
처인구,고림동,분양,용성빌라,39,1986.11.21,"처인구 고진로 33 (고림동, 용성빌라)",37.2386624,127.2159001
처인구,김량장동,분양,청광가든빌리지2차,24,1989.01.11,"처인구 금령로40번길 15-8 (김량장동, 청광그린빌라)",37.2332116,127.2014909
처인구,김량장동,분양,능안마을 그린힐아파트,86,2004.11.01,"처인구 금학로349번길 33-8 (김량장동, 그린힐아파트)",37.2398564999999,127.2013459
처인구,김량장동,분양,아리현마을 삼환나우빌,458,2008.08.08(2007.12.31),"처인구 중부대로 1348 (김량장동, 삼환나우빌아파트)",37.2336191,127.1945985
처인구,김량장동,분양,신우아파트,178,1999.10.29,"처인구 중부대로1388번길 12 (김량장동, 신우아파트)",37.2323573,127.1976242
처인구,김량장동,분양,삼환아파트,180,1999.11.30,"처인구 중부대로1388번길 6-4 (김량장동, 삼환아파트)",37.2331756,127.1976213
처인구,김량장동,분양,청광가든빌리지1차,21,1988.06.09,"처인구 중부대로1424번길 5-6 (김량장동, 청광가든빌리지1차)",37.2320534,127.2030504
처인구,김량장동,분양,조양유통상가아파트,51,1992.04.11,"처인구 금령로40번길 13 (김량장동, 조양유통상가아파트)",37.233635,127.2009017
