시도,시군구,읍면동,단지코드,단지명,단지분류,도로명주소,세대수,총주차대수,cell_ycrd,cell_xcrd
경기도,용인처인구,역삼동,A10025716,역북신원아침도시아파트,아파트,경기도 용인시 처인구 낙은로 11,452,490,37.2414775,127.1962133
경기도,용인처인구,양지면,A10025679,양지포레스토리,연립주택,경기도 용인시 처인구 은이로 85,174,185,37.2185696,127.2770123
경기도,용인처인구,유림동,A10025660,양우내안애에듀퍼스트,아파트,경기도 용인시 처인구 경안천로 196-1,1098,1217,37.2448753,127.2144711
경기도,용인기흥구,영덕2동,A10025178,힉스유타워 아파트,아파트,경기도 용인시 기흥구 중부대로 184,230,265,37.2653654,127.1005782
경기도,용인수지구,성복동,A10025592,성복역 KCC스위첸,아파트,경기도 용인시 수지구 성복1로 62,188,212,37.3175005,127.0653222
경기도,용인기흥구,신갈동,A10025541,신흥덕 롯데캐슬레이시티,아파트,경기도 용인시 기흥구 신정로 25,1597,1804,37.2897191,127.1014604
경기도,용인수지구,성복동,A10025412,성복역 롯데캐슬 골드타운,아파트,경기도 용인시 수지구 성복2로 10,2356,2817,37.3173486,127.0657805
경기도,용인수지구,풍덕천1동,A10025555,수지파크푸르지오,아파트,경기도 용인시 수지구 풍덕천로171번길 9,430,548,37.326677,127.0990275
경기도,용인기흥구,영덕2동,A10025587,용인기흥 효성해링턴플레이스아파트,아파트,경기도 용인시 기흥구 덕영대로2077번길 33,1679,1972,37.2668569,127.0938951
경기도,용인기흥구,보라동,A10025465,용인보라해링턴플레이스아파트,아파트,경기도 용인시 기흥구 사은로84번길 10,970,1119,37.2549828,127.1146427
경기도,용인수지구,동천동,A10025481,동천센트럴자이아파트,아파트,경기도 용인시 수지구 고기로45번길 40-18,1057,1383,37.3414282,127.09015
경기도,용인처인구,중앙동,A10025935,스위트홈아파트,도시형 생활주택(주상복합),경기도 용인시 처인구 금령로12번길 12,168,134,37.2340351,127.1982669
경기도,용인처인구,포곡읍,A44977906,인정멜로디,아파트,경기도 용인시 처인구 포곡로61번길 17,831,824,37.2701831,127.2123037
경기도,용인처인구,포곡읍,A44981205,신원1차,아파트,경기도 용인시 처인구 포곡로 90,474,485,37.2673683,127.215862
경기도,용인처인구,포곡읍,A44981201,신원2차,아파트,경기도 용인시 처인구 포곡로 98-1,296,296,37.2671718,127.2174808
경기도,용인처인구,모현읍,A44985401,풍산햇빛마을,아파트,경기도 용인시 처인구 백옥대로2332번길 21-8,330,330,37.3326198,127.2496088
경기도,용인처인구,역삼동,A44980405,용인행정타운두산위브2단지,아파트,경기도 용인시 처인구 지삼로590번길 9,624,844,37.2407937,127.1685228
경기도,용인처인구,포곡읍,A44981101,삼성쉐르빌아파트,아파트,경기도 용인시 처인구 포곡로 159,469,671,37.2721091,127.2222076
경기도,용인처인구,역삼동,A44980406,용인행정타운두산위브1단지,아파트,경기도 용인시 처인구 지삼로590번길 24,199,334,37.2379662,127.1669651
경기도,용인처인구,역삼동,A44980407,용인행정타운두산위브3단지,아파트,경기도 용인시 처인구 지삼로590번길 29,470,709,37.2379662,127.1669651
경기도,용인처인구,중앙동,A44902002,삼환,아파트,경기도 용인시 처인구 중부대로1388번길 6-4,180,180,37.2331756,127.1976213
경기도,용인처인구,중앙동,A44970501,용인김량장주공2단지,아파트,경기도 용인시 처인구 중부대로1388번길 6-14,495,505,37.2332327,127.1963404
경기도,용인처인구,중앙동,A44992701,신우,아파트,경기도 용인시 처인구 중부대로1388번길 12,176,258,37.2324064,127.1975415
경기도,용인처인구,역삼동,A44980404,행정타운늘푸른오스카빌,아파트,경기도 용인시 처인구 중부대로1158번길 12,675,817,37.2377369,127.1704115
경기도,용인처인구,이동읍,A44983602,샘골마을신미주2단지,아파트,경기도 용인시 처인구 백옥대로587번길 7,234,241,37.1890263,127.2052835
경기도,용인처인구,모현읍,A44985101,모현KCC스위첸,아파트,경기도 용인시 처인구 외대로54번길 12,308,387,37.3342455,127.2534724
경기도,용인처인구,이동읍,A44983604,샘골마을신미주1단지,아파트,경기도 용인시 처인구 백옥대로621번길 11,800,804,37.1922759,127.2045139
경기도,용인처인구,이동읍,A44983101,송전마을세광리치타워,아파트,경기도 용인시 처인구 경기동로705번길 28,782,997,37.1383131,127.2011905
경기도,용인처인구,역삼동,A44971901,용인삼가풍림,아파트,경기도 용인시 처인구 금학로1번길 9,377,399,37.2460967,127.1669913
경기도,용인처인구,유림동,A44978101,이삭베스트,아파트,경기도 용인시 처인구 경안천로256번길 47-14,300,317,37.2524826,127.2271614
경기도,용인처인구,유림동,A44978806,임원마을영화1차,아파트,경기도 용인시 처인구 경안천로256번길 47-16,513,648,37.2529612,127.2260811
경기도,용인처인구,남사읍,A10026198,e편한세상 용인한숲시티 5단지,아파트,경기도 용인시 처인구 한숲로 83,2336,2732,37.154057,127.1694138
경기도,용인처인구,남사읍,A10026178,e편한세상 용인한숲시티6단지,아파트,경기도 용인시 처인구 한숲로 84,1784,2101,37.154057,127.1694138
경기도,용인처인구,남사읍,A10026208,이편한세상 용인한숲시티 3단지,아파트,경기도 용인시 처인구 한숲로 123,1449,1682,37.154057,127.1694138
경기도,용인처인구,남사읍,A10026189,e편한세상용인한숲시티4단지,아파트,경기도 용인시 처인구 한숲로 124,710,834,37.154057,127.1694138
경기도,용인처인구,남사읍,A10026202,e편한세상 용인한숲시티 2단지,아파트,경기도 용인시 처인구 한숲로 137,446,524,37.154057,127.1694138
경기도,용인처인구,유림동,A44974208,인정피렌체빌리지1차,아파트,경기도 용인시 처인구 한터로152번길 45,639,649,37.2461609,127.2308262
경기도,용인처인구,유림동,A44974307,예진마을3차,아파트,경기도 용인시 처인구 한터로152번길 62,516,638,37.2444956,127.2309547
경기도,용인처인구,유림동,A44980703,예원마을코아루,아파트,경기도 용인시 처인구 한터로275번길 40,408,493,37.2582982,127.2368783
경기도,용인처인구,유림동,A44993401,용인성웅,아파트,경기도 용인시 처인구 영문로29번길 17,271,252,37.2674446,127.2070195
경기도,용인처인구,모현읍,A44985502,효천마을신안인스빌,아파트,경기도 용인시 처인구 문현로 326,862,1042,37.336697,127.2434822
경기도,용인처인구,동부동,A44978703,마평우성,아파트,경기도 용인시 처인구 금령로173번길 5,358,324,37.234869,127.2150041
경기도,용인처인구,동부동,A44978701,용인마평두보,아파트,경기도 용인시 처인구 금령로173번길 14,248,254,37.2355102,127.2163115
경기도,용인처인구,역삼동,A10026630,우미 린 센트럴파크 관리사무소,아파트,경기도 용인시 처인구 명지로16번길 25,1260,1462,37.2345179,127.1879177
경기도,용인처인구,역삼동,A10026217,용인 명지대역 동원로얄듀크아파트,아파트,경기도 용인시 처인구 명지로16번길 26,842,959,37.2345179,127.1879177
경기도,용인처인구,이동읍,A44983301,동아,아파트,경기도 용인시 처인구 이원로 22,202,132,37.1891227,127.20946
경기도,용인처인구,포곡읍,A44981402,용인수목원우림필유아파트,아파트,경기도 용인시 처인구 백옥대로1898번길 34,346,387,37.2946122,127.2378268
경기도,용인처인구,중앙동,A10026022,웰메이드시티337,도시형 생활주택(주상복합),경기도 용인시 처인구 금령로106번길 14-8,299,81,37.2342101,127.2078005
경기도,용인처인구,중앙동,A44970502,금호어울림아파트,아파트,경기도 용인시 처인구 금령로13번길 13,484,554,37.2362757,127.1970058
경기도,용인처인구,중앙동,A44970904,김량장동현대아파트,아파트,경기도 용인시 처인구 백옥대로1068번길 12,755,490,37.2301687,127.2115864
경기도,용인처인구,유림동,A44901004,예진마을2차,아파트,경기도 용인시 처인구 한터로152번길 15,416,515,37.2467124,127.2290272
경기도,용인처인구,역삼동,A10026640,역북지웰 푸르지오,아파트,경기도 용인시 처인구 명지로40번길 35-16,1259,1463,37.232335,127.1881255
경기도,용인처인구,역삼동,A10026765,용인역북골드클래스아파트,아파트,경기도 용인시 처인구 명지로40번길 35-29,623,753,37.232335,127.1881255
경기도,용인기흥구,동백3동,A10024231,용인동백두산위브더제니스,아파트,경기도 용인시 기흥구 동백죽전대로 507,1187,1434,37.2721371,127.1521978
경기도,용인기흥구,신갈동,A10025253,이안 두드림기흥역,주상복합,경기도 용인시 기흥구 중부대로 376,297,235,37.2713491,127.1088506
경기도,용인수지구,상현2동,A10025299,더샵수지포레,아파트,경기도 용인시 수지구 만현로67번길 20,479,597,37.3086893,127.0899616
경기도,용인기흥구,구갈동,A44673512,구갈한성1차,아파트,경기도 용인시 기흥구 기흥로 29,570,450,37.27866,127.114786
경기도,용인수지구,풍덕천2동,A10026839,e편한세상 수지아파트,아파트,경기도 용인시 수지구 포은대로313번길 7-10,1237,1388,37.3145055,127.0857938
경기도,용인기흥구,구갈동,A10026215,기흥역센트럴푸르지오,아파트,경기도 용인시 기흥구 기흥역로58번길 10,1316,1676,37.2719957,127.1070119
경기도,용인기흥구,구갈동,A10026005,기흥역파크푸르지오아파트,아파트,경기도 용인시 기흥구 기흥역로58번길 56,769,926,37.275657,127.115944
경기도,용인기흥구,구갈동,A10025933,기흥역 더샵 아파트,아파트,경기도 용인시 기흥구 기흥역로58번길 78,1219,1587,37.275657,127.115944
경기도,용인수지구,풍덕천2동,A44898902,신정마을극동임광,아파트,경기도 용인시 수지구 정평로 73,424,721,37.3224623,127.0886197
경기도,용인수지구,풍덕천2동,A44875603,신정마을현대프라임,아파트,경기도 용인시 수지구 정평로 89,462,801,37.323384,127.0901363
경기도,용인수지구,풍덕천1동,A44876702,수지한국,아파트,경기도 용인시 수지구 정평로 116,416,316,37.3236959,127.0936675
경기도,용인수지구,죽전2동,A44875411,현암마을동성2차,아파트,경기도 용인시 수지구 용구대로 2720,838,883,37.3274914,127.1100758
경기도,용인수지구,죽전2동,A44816015,죽전동성1차,아파트,경기도 용인시 수지구 용구대로 2742,684,683,37.3303672,127.1106094
경기도,용인기흥구,마북동,A44655712,삼성래미안1차,아파트,경기도 용인시 기흥구 용구대로2394번길 27,1282,2135,37.2990376,127.1115909
경기도,용인수지구,상현1동,A44851802,상현현대성우2차,아파트,경기도 용인시 수지구 상현로11번길 26,198,386,37.3041141,127.0774144
경기도,용인수지구,상현1동,A44851501,금호베스트빌3단지,아파트,경기도 용인시 수지구 상현로42번길 40,159,276,37.303096,127.0820606
경기도,용인수지구,상현1동,A44851509,상현마을동일스위트,아파트,경기도 용인시 수지구 상현로42번길 46,312,475,37.3041056,127.0821194
경기도,용인기흥구,보정동,A44691304,죽전자이2차,주상복합,경기도 용인시 기흥구 용구대로2469번길 20,275,435,37.3079519,127.1063048
경기도,용인수지구,상현1동,A44813002,서원마을현대홈타운,아파트,경기도 용인시 수지구 포은대로 231,462,556,37.3092789,127.0817903
경기도,용인수지구,상현2동,A44874606,성복역리버파크,아파트,경기도 용인시 수지구 포은대로 298,702,532,37.3133352,127.0874438
경기도,용인수지구,죽전2동,A44816001,죽전7차현대홈타운2단지,아파트,경기도 용인시 수지구 탄천상로 6,194,198,37.3321502,127.1123792
경기도,용인수지구,죽전2동,A44876902,현인마을대림이편한세상2차,아파트,경기도 용인시 수지구 탄천상로 29,206,227,37.3344694,127.1112776
경기도,용인수지구,죽전2동,A44876904,현인마을대림이편한세상3차,아파트,경기도 용인시 수지구 탄천상로 30,239,263,37.3338963,127.1122379
경기도,용인수지구,동천동,A44851003,원천마을푸르지오,아파트,경기도 용인시 수지구 고기로 3,190,191,37.342434,127.1010208
경기도,용인수지구,동천동,A44812007,행림마을진로,아파트,경기도 용인시 수지구 고기로 11,269,272,37.3423097,127.0999592
경기도,용인수지구,동천동,A10026065,동천자이아파트,아파트,경기도 용인시 수지구 고기로 89,1437,1847,37.3453396,127.0929391
경기도,용인수지구,상현2동,A44851611,진산마을성원상떼빌아파트,아파트,경기도 용인시 수지구 진산로 24,1744,1741,37.3140878,127.092754
경기도,용인수지구,신봉동,A10026986,광교산한양수자인더킨포크,연립주택,경기도 용인시 수지구 태봉로 17,294,345,37.3334708,127.0595024
경기도,용인수지구,풍덕천2동,A44899106,수지진흥아파트,아파트,경기도 용인시 수지구 풍덕천로 19,414,448,37.3189996,127.0852565
경기도,용인수지구,풍덕천2동,A44899101,신정마을6단지상록,아파트,경기도 용인시 수지구 풍덕천로 33,393,404,37.3187877,127.0869875
경기도,용인수지구,풍덕천2동,A44899209,현대성우,아파트,경기도 용인시 수지구 풍덕천로 52,1239,1296,37.3182804,127.0902633
경기도,용인수지구,풍덕천2동,A44899006,신정마을7단지 상록아파트,아파트,경기도 용인시 수지구 풍덕천로 75,670,632,37.3208701,127.0899184
경기도,용인수지구,풍덕천2동,A44899307,신정마을9단지,아파트,경기도 용인시 수지구 풍덕천로 76,812,814,37.3196623,127.0919751
경기도,용인기흥구,동백2동,A44675112,초당마을삼부르네상스아파트,아파트,경기도 용인시 기흥구 동백1로 9,289,320,37.2642454,127.1574124
경기도,용인기흥구,동백2동,A44675304,초당마을 삼부르네상스,아파트,경기도 용인시 기흥구 동백1로 12,279,308,37.2633455,127.1582015
경기도,용인수지구,풍덕천2동,A44898708,신정마을주공1단지아파트,아파트,경기도 용인시 수지구 풍덕천로 91,1044,1045,37.3220492,127.0918527
경기도,용인기흥구,신갈동,A44696202,신갈신미주,아파트,경기도 용인시 기흥구 신갈로138번길 12,247,149,37.2783974,127.107181
경기도,용인수지구,풍덕천2동,A44899105,수지에듀파크,아파트,경기도 용인시 수지구 정평로13번길 20,279,283,37.317168,127.0866912
경기도,용인기흥구,보정동,A44697610,동원로얄듀크,아파트,경기도 용인시 기흥구 죽현로 12,706,927,37.318504,127.11007
경기도,용인기흥구,동백2동,A44691609,어은목마을 벽산블루밍,아파트,경기도 용인시 기흥구 동백2로 11,533,773,37.2682124,127.1546826
경기도,용인기흥구,동백2동,A44691608,동백역 경남아너스빌,아파트,경기도 용인시 기흥구 동백2로 12,592,650,37.2666613,127.1558939
경기도,용인기흥구,동백2동,A44671707,대원칸타빌,아파트,경기도 용인시 기흥구 동백2로 37,432,835,37.2694433,127.156581
경기도,용인기흥구,보라동,A44690404,한보라 에듀포레,아파트,경기도 용인시 기흥구 한보라1로43번길 22,446,497,37.2490286,127.1099826
경기도,용인기흥구,보라동,A44690405,한보라마을휴먼시아4단지,아파트,경기도 용인시 기흥구 한보라1로43번길 23,581,530,37.250131,127.1113527
경기도,용인기흥구,보라동,A44673703,삼성래미안,아파트,경기도 용인시 기흥구 한보라1로64번길 22,370,373,37.2517612,127.1063354
경기도,용인기흥구,신갈동,A44659803,인성마을현대,아파트,경기도 용인시 기흥구 용구대로 2242,293,215,37.2867008,127.1083516
경기도,용인기흥구,마북동,A44693706,연원마을현대,아파트,경기도 용인시 기흥구 연원로 60,424,765,37.3025605,127.112153
경기도,용인기흥구,보정동,A44693909,연원마을성원아파트,아파트,경기도 용인시 기흥구 연원로 49,691,1123,37.3036996,127.1100054
경기도,용인기흥구,서농동,A44695902,서그내마을SK,아파트,경기도 용인시 기흥구 예현로 15,807,1048,37.2445199,127.0716548
경기도,용인수지구,풍덕천2동,A44899102,신정마을우성,아파트,경기도 용인시 수지구 정평로 41,443,482,37.3199788,127.0861529
경기도,용인수지구,풍덕천2동,A44897804,신정마을성지,아파트,경기도 용인시 수지구 정평로 61,538,923,37.3214227,127.0866758
경기도,용인기흥구,보정동,A44691301,죽전누리에뜰,주상복합,경기도 용인시 기흥구 죽전로 20,200,268,37.320049,127.1108698
경기도,용인기흥구,기흥동,A44690101,매화마을 우남 퍼스트빌,아파트,경기도 용인시 기흥구 고매로34번길 10,166,171,37.2301155,127.1121365
경기도,용인기흥구,기흥동,A44657603,우림홀인원,아파트,경기도 용인시 기흥구 고매로34번길 31,299,361,37.2283451,127.1144572
경기도,용인수지구,풍덕천1동,A44875904,동보1차,아파트,경기도 용인시 수지구 풍덕천로 161,470,587,37.3256226,127.0979445
경기도,용인수지구,풍덕천1동,A44878407,수지푸르지오월드마크,주상복합,경기도 용인시 수지구 포은대로 467,198,258,37.3133529,127.0908014
경기도,용인수지구,풍덕천1동,A10025228,풍덕천동 한샘 더랜드마크,도시형 생활주택(주상복합),경기도 용인시 수지구 포은대로 477,220,244,37.3240079,127.1019727
경기도,용인수지구,상현1동,A44813009,서원마을3단지아이파크,아파트,경기도 용인시 수지구 포은대로 219,438,709,37.3081086,127.0806573
경기도,용인기흥구,보정동,A44677015,신촌마을포스홈타운1단지,아파트,경기도 용인시 기흥구 용구대로2518번길 15,884,1654,37.3106907,127.1101937
경기도,용인기흥구,기흥동,A44690201,불곡마을벽산블루밍,아파트,경기도 용인시 기흥구 고매로43번길 32-2,390,480,37.2323529,127.1174464
경기도,용인수지구,풍덕천1동,A44878309,수지현대아파트,아파트,경기도 용인시 수지구 수지로342번길 18,1168,871,37.3261735,127.0946781
경기도,용인수지구,상현1동,A44813001,풍산,아파트,경기도 용인시 수지구 수지로78번길 20,438,333,37.309859,127.0768963
경기도,용인기흥구,상하동,A44677402,인정프린스4차,아파트,경기도 용인시 기흥구 중부대로 820,367,238,37.2559873,127.1428991
경기도,용인기흥구,동백3동,A44691111,해든마을동문굿모닝힐,아파트,경기도 용인시 기흥구 동백죽전대로 455-10,512,619,37.2802174,127.1508744
경기도,용인기흥구,동백3동,A44691107,동백동원로얄듀크,아파트,경기도 용인시 기흥구 동백죽전대로 455-17,477,750,37.2795982,127.1490963
경기도,용인기흥구,보정동,A44691302,신촌마을상록데시앙,아파트,경기도 용인시 기흥구 보정로 26,230,262,37.3131032,127.1105962
경기도,용인기흥구,보정동,A44694013,동아솔레시티,아파트,경기도 용인시 기흥구 보정로 30,1701,3777,37.311563,127.1123596
경기도,용인수지구,신봉동,A44853602,한일유엔아이,아파트,경기도 용인시 수지구 신봉1로48번길 29,296,303,37.3243278,127.081438
경기도,용인수지구,신봉동,A44853605,서홍한화꿈에그린,아파트,경기도 용인시 수지구 신봉1로48번길 32,404,407,37.3233153,127.0811242
경기도,용인수지구,신봉동,A44853601,서홍마을벽산블루밍,아파트,경기도 용인시 수지구 신봉1로48번길 45,246,248,37.324157,127.082767
경기도,용인수지구,신봉동,A44815004,신봉마을자이3차,아파트,경기도 용인시 수지구 신봉1로71번길 25,401,442,37.3207041,127.078367
경기도,용인기흥구,보라동,A44695410,민속마을쌍용,아파트,경기도 용인시 기흥구 사은로126번길 10,1596,2776,37.2535722,127.1172429
경기도,용인수지구,성복동,A44898206,성복힐스테이트3차,아파트,경기도 용인시 수지구 성복2로 220,823,1674,37.3210477,127.0635893
경기도,용인수지구,성복동,A44898210,성복자이2차,아파트,경기도 용인시 수지구 성복2로 251,783,1732,37.3173486,127.0657805
경기도,용인기흥구,구성동,A44657207,장미마을 삼성래미안2차,아파트,경기도 용인시 기흥구 구성로 90,1219,1494,37.2929651,127.1183347
경기도,용인수지구,죽전1동,A44895021,죽전퍼스트하임,아파트,경기도 용인시 수지구 대지로 49,480,509,37.3295507,127.1145639
경기도,용인수지구,죽전1동,A44816008,꽃메마을현대홈타운4-4,아파트,경기도 용인시 수지구 푸른솔로 20,342,572,37.3216441,127.1163051
경기도,용인수지구,죽전1동,A44898312,도담마을뜨리에체,아파트,경기도 용인시 수지구 푸른솔로 49,430,430,37.3247753,127.1143729
경기도,용인수지구,죽전1동,A44816009,현대홈타운4차1단지,아파트,경기도 용인시 수지구 푸른솔로 55,351,591,37.3254573,127.1168878
경기도,용인수지구,죽전1동,A44854505,꽃메마을현대힐스테이트4차2단지,아파트,경기도 용인시 수지구 푸른솔로 56,254,266,37.3242317,127.116268
경기도,용인수지구,죽전1동,A44816108,도담마을 한양수자인,아파트,경기도 용인시 수지구 푸른솔로 76,332,347,37.3250982,127.1188711
경기도,용인수지구,죽전1동,A44854211,우미이노스빌1차,아파트,경기도 용인시 수지구 푸른솔로 88,418,424,37.326079,127.1195378
경기도,용인기흥구,영덕2동,A44672601,"청명호수마을신안인스빌1,2단지",아파트,경기도 용인시 기흥구 덕영대로 1871,1003,1536,37.2551407,127.0887786
경기도,용인기흥구,보정동,A44656712,죽현마을아이파크1차,아파트,경기도 용인시 기흥구 보정로 87,1466,1550,37.3179762,127.1138299
경기도,용인기흥구,보정동,A44691303,죽현마을LG자이,아파트,경기도 용인시 기흥구 보정로 88,238,553,37.317145,127.116421
경기도,용인기흥구,보라동,A44695301,기흥삼정,아파트,경기도 용인시 기흥구 사은로 64,299,243,37.2547375,127.1123312
경기도,용인기흥구,보라동,A44690402,화성파크드림아파트,아파트,경기도 용인시 기흥구 한보라2로 93,311,614,37.24867,127.1121499
경기도,용인기흥구,기흥동,A44679603,화성파크드림프라브,연립주택,경기도 용인시 기흥구 한보라2로 141,261,320,37.2453941,127.1106566
경기도,용인기흥구,기흥동,A44690203,한보라마을 경남아너스빌,아파트,경기도 용인시 기흥구 한보라2로 167,600,542,37.2431637,127.1083463
경기도,용인기흥구,기흥동,A44690205,한보라마을휴먼시아7단지,아파트,경기도 용인시 기흥구 한보라2로 168,851,771,37.2447678,127.1084953
경기도,용인수지구,상현2동,A44852403,만현마을5단지현대,아파트,경기도 용인시 수지구 만현로 79,528,889,37.3086236,127.0867709
경기도,용인수지구,상현2동,A44852301,만현마을쌍용3차,아파트,경기도 용인시 수지구 만현로 99,375,677,37.3074042,127.0867405
경기도,용인수지구,상현2동,A44852108,만현마을쌍용1차,아파트,경기도 용인시 수지구 만현로 107,992,1353,37.3061564,127.0882807
경기도,용인수지구,상현2동,A44851604,만현마을두산위브,아파트,경기도 용인시 수지구 만현로 127,556,1281,37.3052123,127.0869069
경기도,용인수지구,풍덕천1동,A44876510,초입마을삼익풍림동아,아파트,경기도 용인시 수지구 문인로 59,1620,761,37.3320489,127.0960328
경기도,용인기흥구,보라동,A44695508,민속마을 신창미션힐,아파트,경기도 용인시 기흥구 사은로126번길 33,926,1534,37.2523963,127.122345
경기도,용인기흥구,보라동,A44658209,민속마을현대모닝사이드,아파트,경기도 용인시 기흥구 사은로126번길 46,1112,1770,37.2522675,127.1205248
경기도,용인기흥구,구갈동,A10026657,기흥역 롯데캐슬레이시티,아파트,경기도 용인시 기흥구 기흥역로 9,260,310,37.275657,127.115944
경기도,용인기흥구,구갈동,A10026636,기흥역지웰푸르지오(주상복합),아파트,경기도 용인시 기흥구 기흥역로 16,561,640,37.275657,127.115944
경기도,용인기흥구,구갈동,A10026083,힐스테이트기흥,아파트,경기도 용인시 기흥구 기흥역로 63,976,1218,37.275657,127.115944
경기도,용인수지구,죽전1동,A44897114,대지마을현대홈타운3차2단지,아파트,경기도 용인시 수지구 대지로15번길 60,537,657,37.3326102,127.1143633
경기도,용인기흥구,신갈동,A44658413,새천년그린빌주공3단지,아파트,경기도 용인시 기흥구 새천년로16번길 16,693,717,37.2883351,127.1102315
경기도,용인기흥구,서농동,A10027657,서천2차아이파크아파트,아파트,경기도 용인시 기흥구 서천동로21번길 5,289,316,37.2391562,127.0769117
경기도,용인수지구,죽전2동,A44854807,죽전아이뷰,아파트,경기도 용인시 수지구 현암로 3,432,471,37.3321015,127.1101026
경기도,용인수지구,상현1동,A44813012,광교경남아너스빌,아파트,경기도 용인시 수지구 광교마을로 2,700,1022,37.297037,127.06924
경기도,용인수지구,상현1동,A44813015,광교마을45단지,아파트,경기도 용인시 수지구 광교마을로 11,672,1081,37.2964591,127.0715785
경기도,용인수지구,죽전1동,A44816006,도담마을롯데캐슬,아파트,경기도 용인시 수지구 대지로 64,231,316,37.3285682,127.116452
경기도,용인수지구,죽전1동,A44816017,도담마을휴먼빌아파트,아파트,경기도 용인시 수지구 대지로 77,260,288,37.3301124,127.117384
경기도,용인수지구,풍덕천2동,A44855001,태영데시앙2차,아파트,경기도 용인시 수지구 풍덕천로22번길 67,249,249,37.3142837,127.0826342
경기도,용인수지구,풍덕천2동,A44899103,이스턴팰리스아파트,아파트,경기도 용인시 수지구 풍덕천로30번길 20,174,501,37.316251,127.0875507
경기도,용인수지구,상현1동,A44852511,광교상현마을 현대아파트,아파트,경기도 용인시 수지구 상현로 2,498,621,37.3017107,127.0734575
경기도,용인수지구,상현1동,A44852214,광교쌍용포레듀엔1단지,아파트,경기도 용인시 수지구 상현로 27,421,820,37.3028389,127.0771536
경기도,용인수지구,상현1동,A44813014,광교쌍용포레듀엔 2단지,아파트,경기도 용인시 수지구 상현로 30-6,315,630,37.3016213,127.0770196
경기도,용인수지구,상현1동,A44851512,광교쌍용포레듀엔3단지,아파트,경기도 용인시 수지구 상현로 30-9,251,256,37.301998,127.0784092
경기도,용인수지구,상현1동,A44851913,광교상떼빌파크뷰(구 상현마을성원상떼빌아파트),아파트,경기도 용인시 수지구 상현로 30-10,968,1760,37.3001978,127.0779709
경기도,용인수지구,상현1동,A44851508,금호베스트빌2단지,아파트,경기도 용인시 수지구 상현로 58,407,787,37.3029745,127.0801141
경기도,용인수지구,상현1동,A44813004,수지금호베스트빌TheEdu,아파트,경기도 용인시 수지구 상현로 59,573,1058,37.304557,127.07955
경기도,용인수지구,상현1동,A44851503,금호베스트빌4단지,아파트,경기도 용인시 수지구 상현로 67-12,224,563,37.3055452,127.080684
경기도,용인수지구,상현2동,A44851610,상현현대성우3차,아파트,경기도 용인시 수지구 상현로 88,336,653,37.304552,127.0847265
경기도,용인수지구,상현2동,A44851609,상현마을현대성우1차,아파트,경기도 용인시 수지구 상현로 100,470,788,37.304552,127.0847265
경기도,용인수지구,상현1동,A44872712,수지센트럴아이파크,아파트,경기도 용인시 수지구 상현로 101,895,1700,37.3069417,127.0825193
경기도,용인수지구,상현1동,A44851805,현대성우5차,아파트,경기도 용인시 수지구 상현로 119-6,310,580,37.309069,127.0838877
경기도,용인수지구,동천동,A44851113,동천마을현대2차홈타운,아파트,경기도 용인시 수지구 동천로63번길 10,1128,1126,37.3384777,127.0960934
경기도,용인수지구,동천동,A44851004,래미안이스트팰리스3단지,아파트,경기도 용인시 수지구 동천로135번길 21,885,1607,37.3338596,127.0890372
경기도,용인기흥구,신갈동,A44658412,갈현마을현대홈타운,아파트,경기도 용인시 기흥구 관곡로 16,584,589,37.2820122,127.1070063
경기도,용인수지구,죽전1동,A44816104,새터마을모아미래도,아파트,경기도 용인시 수지구 대지로 127,252,272,37.3304542,127.1220268
경기도,용인수지구,죽전1동,A44898513,용인죽전동부센트레빌,아파트,경기도 용인시 수지구 대지로 139,536,570,37.3303433,127.124804
경기도,용인수지구,동천동,A44874508,풍림2차,아파트,경기도 용인시 수지구 동천로 18,271,273,37.3415576,127.1003485
경기도,용인수지구,동천동,A44812004,동천동문6차굿모닝힐,아파트,경기도 용인시 수지구 동천로 53,220,425,37.3398297,127.0972126
경기도,용인수지구,동천동,A44812014,동천동문5차굿모닝힐,아파트,경기도 용인시 수지구 동천로 64,1334,1473,37.340029,127.0958119
경기도,용인수지구,동천동,A44874401,동천마을동문3차,아파트,경기도 용인시 수지구 동천로 93,181,265,37.3383055,127.0937324
경기도,용인기흥구,마북동,A10026882,용인마북신원아침도시,아파트,경기도 용인시 기흥구 마북로247번길 3,180,186,37.3142267,127.1297315
경기도,용인수지구,죽전1동,A44897120,새터마을죽전힐스테이트,아파트,경기도 용인시 수지구 현암로125번길 11,1998,2032,37.3344908,127.1212644
경기도,용인수지구,죽전1동,A44879606,죽전중앙하이츠,아파트,경기도 용인시 수지구 현암로63번길 2,271,635,37.3323438,127.1167034
경기도,용인기흥구,구성동,A44670301,스파팰리스리가,아파트,경기도 용인시 기흥구 언남로 5,533,730,37.2978641,127.1329632
경기도,용인기흥구,구성동,A44657104,동일하이빌2차,아파트,경기도 용인시 기흥구 언남로 15,837,1495,37.2933368,127.1275089
경기도,용인수지구,죽전2동,A44875510,수지벽산2단지,아파트,경기도 용인시 수지구 용구대로2771번길 66,684,601,37.3355358,127.1057095
경기도,용인수지구,죽전2동,A44875509,벽산타운1단지,아파트,경기도 용인시 수지구 용구대로2771번길 68,612,508,37.3364667,127.1054931
경기도,용인수지구,죽전2동,A44854601,창죽벽산첼시빌,아파트,경기도 용인시 수지구 용구대로2771번길 88,179,364,37.3372768,127.1058537
경기도,용인기흥구,구갈동,A44659306,구갈가현마을신안,아파트,경기도 용인시 기흥구 관곡로 53,364,599,37.2837451,127.1122929
경기도,용인기흥구,구갈동,A44673613,구갈한양,아파트,경기도 용인시 기흥구 구갈로28번길 21-21,624,591,37.2787847,127.1125383
경기도,용인기흥구,구갈동,A44673303,기흥동부아파트,아파트,경기도 용인시 기흥구 구갈로28번길 32,200,185,37.276744,127.1147408
경기도,용인기흥구,동백2동,A44671816,초당마을주공3단지,아파트,경기도 용인시 기흥구 동백중앙로 41,816,822,37.2599715,127.1621036
경기도,용인기흥구,동백2동,A44671805,초당마을현진에버빌,아파트,경기도 용인시 기흥구 동백중앙로 73,320,560,37.2623233,127.1595466
경기도,용인기흥구,동백2동,A44691615,백현마을동일하이빌,아파트,경기도 용인시 기흥구 동백중앙로 312,743,989,37.2798532,127.1576534
경기도,용인기흥구,동백1동,A44672214,호수마을계룡리슈빌,아파트,경기도 용인시 기흥구 동백평촌로 15,567,629,37.2842698,127.1546789
경기도,용인기흥구,동백1동,A44691108,호수마을동보노빌리티,아파트,경기도 용인시 기흥구 동백평촌로 39,481,646,37.2821747,127.1546651
경기도,용인기흥구,동백1동,A44679510,호수마을상록롯데캐슬,아파트,경기도 용인시 기흥구 동백평촌로 70,552,661,37.2795394,127.1556001
경기도,용인기흥구,영덕1동,A44678707,흥덕마을13단지경남아너스빌,아파트,경기도 용인시 기흥구 흥덕4로30번길 11,368,736,37.2749937,127.0917338
경기도,용인기흥구,구갈동,A44657911,구갈세종그랑시아 2단지,아파트,경기도 용인시 기흥구 기흥로38번길 34,194,236,37.2785323,127.118202
경기도,용인기흥구,신갈동,A44695211,도현마을현대,아파트,경기도 용인시 기흥구 구갈로 115-16,568,878,37.2857224,127.1099296
경기도,용인기흥구,구갈동,A44673507,구갈한성2차,아파트,경기도 용인시 기흥구 구갈로 16,384,126,37.2762069,127.1131707
경기도,용인기흥구,보정동,A44677016,보정한화꿈에그린,아파트,경기도 용인시 기흥구 구교동로 17,379,580,37.3043289,127.1223932
경기도,용인기흥구,보정동,A44656506,솔뫼마을현대홈타운,아파트,경기도 용인시 기흥구 이현로30번길 7,382,753,37.3095812,127.097069
경기도,용인기흥구,마북동,A44677102,구성자이3차,아파트,경기도 용인시 기흥구 구교동로118번길 7,309,478,37.3025762,127.1187109
경기도,용인기흥구,영덕1동,A44696703,영통빌리지,아파트,경기도 용인시 기흥구 중부대로55번길 11,472,475,37.2686457,127.0759171
경기도,용인기흥구,마북동,A44655904,마북우림,아파트,경기도 용인시 기흥구 구성로39번길 13,362,320,37.2962308,127.1132865
경기도,용인기흥구,마북동,A10027214,용인 구성역 효성해링턴플레이스,아파트,경기도 용인시 기흥구 구성로53번길 20,296,303,37.2966346,127.1159556
경기도,용인기흥구,보정동,A10027771,샬레파인비스타 아파트,아파트,경기도 용인시 기흥구 진산로 140,155,187,37.3221811,127.1045554
경기도,용인수지구,동천동,A44874405,동문그린,아파트,경기도 용인시 수지구 고기로45번길 58,227,227,37.3392899,127.0927274
경기도,용인수지구,풍덕천1동,A44876808,수지한성,아파트,경기도 용인시 수지구 문정로 55,774,356,37.3247818,127.0927439
경기도,용인수지구,상현1동,A44813006,수지금호베스트빌5단지,아파트,경기도 용인시 수지구 심곡로 16,890,1367,37.3070247,127.0780026
경기도,용인기흥구,상하동,A44677303,용인대우,아파트,경기도 용인시 기흥구 중부대로 735,432,325,37.262862,127.1411955
경기도,용인기흥구,마북동,A44691210,교동마을신창아파트,아파트,경기도 용인시 기흥구 마북로 186,490,297,37.3059191,127.1267138
경기도,용인기흥구,마북동,A44677101,마북e편한세상,아파트,경기도 용인시 기흥구 마북로 210,404,584,37.306559,127.1285733
경기도,용인기흥구,신갈동,A10026093,용인기흥 우방아이유쉘 아파트,아파트,경기도 용인시 기흥구 신정로41번길 31,400,434,37.2790775,127.096956
경기도,용인수지구,성복동,A10025987,성복역서희스타힐스,주상복합,경기도 용인시 수지구 성복1로 80,174,210,37.3175005,127.0653222
경기도,용인수지구,성복동,A44898209,성복힐스테이트1차,아파트,경기도 용인시 수지구 성복1로 91,645,1304,37.3155023,127.0690598
경기도,용인수지구,성복동,A44853005,벽산첼시빌2,아파트,경기도 용인시 수지구 성복1로 107,951,2029,37.3144979,127.0663465
경기도,용인기흥구,동백1동,A44674909,백현마을서해그랑블,아파트,경기도 용인시 기흥구 동백8로 89,482,530,37.2849797,127.16086
경기도,용인기흥구,동백1동,A44672016,백현마을모아미래도1단지,아파트,경기도 용인시 기흥구 동백8로 90,838,1105,37.283,127.1607297
경기도,용인기흥구,동백1동,A44674813,백현마을주공7단지,아파트,경기도 용인시 기흥구 동백8로 103,561,572,37.2843505,127.1629871
경기도,용인기흥구,동백1동,A44672003,백현마을모아미래도2단지,아파트,경기도 용인시 기흥구 동백8로 126,336,342,37.2820248,127.1634921
경기도,용인수지구,죽전1동,A44816014,도담마을9단지죽전파크빌,아파트,경기도 용인시 수지구 정든로 22,561,440,37.3277268,127.1161188
경기도,용인수지구,상현2동,A10027047,용인수지동도센트리움 아파트,도시형 생활주택(아파트),경기도 용인시 수지구 이현로 125,168,168,37.3118374,127.0914235
경기도,용인수지구,죽전1동,A44897218,꽃메마을현대홈타운4차3단지,아파트,경기도 용인시 수지구 죽전로 87,770,788,37.3225289,127.1177435
경기도,용인수지구,죽전1동,A44897402,꽃메마을한라프로방스,아파트,경기도 용인시 수지구 죽전로 111,195,343,37.3232078,127.1194901
경기도,용인수지구,죽전1동,A44897403,꽃메마을극동스타클래스,아파트,경기도 용인시 수지구 죽전로 116,196,334,37.3225553,127.1211709
경기도,용인수지구,죽전1동,A44816011,꽃메마을아이파크2차,아파트,경기도 용인시 수지구 죽전로 121,374,621,37.3238557,127.1207011
경기도,용인수지구,죽전1동,A44895022,성현마을광명샤인빌,아파트,경기도 용인시 수지구 디지털벨리로 5,192,221,37.327677,127.1319098
경기도,용인기흥구,상갈동,A44695607,금화마을주공6단지,아파트,경기도 용인시 기흥구 금화로11번길 9,228,237,37.2628099,127.1050877
경기도,용인기흥구,상갈동,A44695804,금화마을주공3단지,아파트,경기도 용인시 기흥구 금화로11번길 10,1070,1079,37.2624271,127.1071395
경기도,용인수지구,성복동,A44898203,버들치마을 경남아너스빌1차,아파트,경기도 용인시 수지구 성복1로 157,816,1213,37.3147034,127.0623638
경기도,용인수지구,성복동,A44898211,성복아이파크,아파트,경기도 용인시 수지구 성복1로 222,351,491,37.3175005,127.0653222
경기도,용인수지구,성복동,A44898007,수지LG빌리지1차,아파트,경기도 용인시 수지구 성복2로 86,1164,3277,37.3169439,127.075941
경기도,용인기흥구,동백1동,A44674515,백현마을경남아너스빌,아파트,경기도 용인시 기흥구 동백8로131번길 9,600,667,37.2834609,127.1647438
경기도,용인기흥구,동백1동,A44691118,백현마을주공9단지,아파트,경기도 용인시 기흥구 동백8로131번길 20,981,989,37.2823852,127.1666818
경기도,용인수지구,성복동,A44898207,버들치마을경남아너스빌2차,아파트,경기도 용인시 수지구 성복1로163번길 11,214,329,37.3155315,127.0606612
경기도,용인수지구,성복동,A44898204,버들치마을힐스테이트2차,아파트,경기도 용인시 수지구 성복1로164번길 13,689,1447,37.3184372,127.0635799
경기도,용인수지구,성복동,A44898205,성복자이1차,아파트,경기도 용인시 수지구 성복1로164번길 20,719,1275,37.3172069,127.0653698
경기도,용인수지구,죽전1동,A44854215,성현마을우미2차,아파트,경기도 용인시 수지구 죽전로 143,538,538,37.3248535,127.1235419
경기도,용인수지구,죽전1동,A44816016,죽전현대1차,아파트,경기도 용인시 수지구 죽전로 244,702,705,37.3319073,127.1297882
경기도,용인수지구,죽전1동,A44853819,죽전건영캐스빌,아파트,경기도 용인시 수지구 죽전로 267,1254,2035,37.3335992,127.1259432
경기도,용인수지구,죽전1동,A44816007,더리버하임,아파트,경기도 용인시 수지구 대지로 19,336,345,37.3282911,127.1121787
경기도,용인수지구,죽전1동,A44875107,수지한신,아파트,경기도 용인시 수지구 대지로 27,311,329,37.3279466,127.1126149
경기도,용인기흥구,동백2동,A44672417,참솔마을월드메르디앙,아파트,경기도 용인시 기흥구 동백죽전대로 283,966,1172,37.2648552,127.1538283
경기도,용인수지구,죽전1동,A44816005,내대지마을주공5단지,아파트,경기도 용인시 수지구 디지털벨리로 21,225,227,37.3297068,127.1325894
경기도,용인기흥구,서농동,A44670101,서그내마을서천아이파크,아파트,경기도 용인시 기흥구 서그내로16번길 14,243,441,37.2460487,127.0724171
경기도,용인기흥구,서농동,A10026964,영통로 효성해링턴 플레이스 아파트,아파트,경기도 용인시 기흥구 서그내로16번길 30,640,701,37.2448481,127.070907
경기도,용인수지구,죽전1동,A44854309,대지마을2차현대홈타운,아파트,경기도 용인시 수지구 현암로 54,346,418,37.3307647,127.1150823
경기도,용인수지구,상현1동,A44851511,광교상록자이,아파트,경기도 용인시 수지구 광교마을로 62,1035,1410,37.2964591,127.0715785
경기도,용인수지구,상현1동,A44813010,광교휴먼시아41단지,아파트,경기도 용인시 수지구 광교마을로 90,1117,985,37.2954416,127.0757315
경기도,용인기흥구,기흥동,A44679604,성원상떼레이크뷰,아파트,경기도 용인시 기흥구 동탄기흥로 864,345,1035,37.2340393,127.1031097
경기도,용인수지구,신봉동,A44853607,동일하이빌2단지,아파트,경기도 용인시 수지구 신봉3로11번길 10-7,232,434,37.3258281,127.0677228
경기도,용인수지구,신봉동,A44853609,동일하이빌4단지,아파트,경기도 용인시 수지구 신봉3로12번길 9,636,1219,37.330039,127.0647753
경기도,용인수지구,풍덕천1동,A10027717,래미안수지이스트파크,아파트,경기도 용인시 수지구 신수로683번길 19,845,1074,37.3305836,127.1003832
경기도,용인수지구,동천동,A44812002,보뜨랑마을벽산블루밍,아파트,경기도 용인시 수지구 신수로783번길 50,182,192,37.3421561,127.0986033
경기도,용인기흥구,기흥동,A44695002,호수청구,아파트,경기도 용인시 기흥구 공세로 226,498,364,37.2402348,127.1032876
경기도,용인기흥구,기흥동,A44673204,용인세원,아파트,경기도 용인시 기흥구 공세로 76,320,308,37.2312393,127.1095235
경기도,용인기흥구,마북동,A44677208,교동마을정광,아파트,경기도 용인시 기흥구 마북로154번길 16,478,490,37.3021864,127.1248314
경기도,용인수지구,풍덕천1동,A44817101,수지건영,아파트,경기도 용인시 수지구 수풍로23번길 25,190,195,37.3303717,127.0923377
경기도,용인수지구,신봉동,A44853606,신봉센트레빌1단지,아파트,경기도 용인시 수지구 신봉1로172번길 8,298,267,37.3288257,127.0698681
경기도,용인기흥구,서농동,A10026701,용인서천효성해링턴플레이스,아파트,경기도 용인시 기흥구 서그내로 31,458,541,37.2443449,127.073666
경기도,용인수지구,상현2동,A44851707,만현마을1단지롯데캐슬,아파트,경기도 용인시 수지구 만현로 25,992,1562,37.3130672,127.0884511
경기도,용인기흥구,상하동,A44691401,지석마을진흥더루벤스1단지,아파트,경기도 용인시 기흥구 중부대로746번길 20,200,460,37.2609884,127.1374524
경기도,용인기흥구,상하동,A44691407,지석마을진흥더루벤스2차,아파트,경기도 용인시 기흥구 중부대로746번길 21,851,1320,37.2593378,127.1385907
경기도,용인기흥구,상갈동,A44695803,금화마을주공4단지,아파트,경기도 용인시 기흥구 금화로58번길 10,742,751,37.2625199,127.1103673
경기도,용인기흥구,상갈동,A44695601,금화마을대우현대,아파트,경기도 용인시 기흥구 금화로82번길 14,664,948,37.2646464,127.1099995
경기도,용인기흥구,상갈동,A44695802,금화마을주공5단지,아파트,경기도 용인시 기흥구 금화로82번길 17,681,681,37.2663947,127.1121786
경기도,용인기흥구,영덕2동,A44674004,청현마을 두진,아파트,경기도 용인시 기흥구 덕영대로2077번길 8,541,376,37.2686108,127.096387
경기도,용인기흥구,영덕2동,A44674105,영덕신일,아파트,경기도 용인시 기흥구 덕영대로2077번길 20,901,919,37.2675494,127.095916
경기도,용인기흥구,영덕2동,A44659101,청현마을기흥데시앙,아파트,경기도 용인시 기흥구 덕영대로2077번길 53,400,405,37.2656635,127.0938144
경기도,용인기흥구,영덕2동,A44659102,대명레이크빌,아파트,경기도 용인시 기흥구 덕영대로2077번길 55,401,411,37.2656377,127.0926771
경기도,용인기흥구,기흥동,A44679601,탑실마을대주피오레1단지,아파트,경기도 용인시 기흥구 탑실로 15,710,1432,37.2401063,127.1084713
경기도,용인기흥구,기흥동,A44679602,공세대주피오레2단지,아파트,경기도 용인시 기흥구 탑실로 152,1290,2926,37.2430464,127.1218279
경기도,용인기흥구,서농동,A44670104,서천마을쌍용예가,아파트,경기도 용인시 기흥구 서천동로 60,556,599,37.2403129,127.0755947
경기도,용인수지구,상현2동,A44852405,성복역 아이파크,아파트,경기도 용인시 수지구 상현로 142,584,703,37.3111606,127.0854248
경기도,용인기흥구,동백2동,A44675411,성산마을서해그랑블,아파트,경기도 용인시 기흥구 동백4로 26,564,1053,37.2713547,127.154829
경기도,용인기흥구,동백2동,A44675001,어은목마을한라비발디3단지,아파트,경기도 용인시 기흥구 동백4로 72,248,456,37.2709056,127.1581929
경기도,용인기흥구,동백2동,A44674613,성산마을신영지웰,아파트,경기도 용인시 기흥구 동백5로 41,590,979,37.2759049,127.1547939
경기도,용인기흥구,동백2동,A44679103,백현마을상록롯데캐슬,아파트,경기도 용인시 기흥구 동백5로 79,295,427,37.2765666,127.1574882
경기도,용인수지구,상현2동,A10026933,광교레이크포레아파트,아파트,경기도 용인시 수지구 광교호수로 431,235,268,37.354597,127.0704875
경기도,용인기흥구,구갈동,A44673401,구갈우림,아파트,경기도 용인시 기흥구 신구로42번길 15,150,106,37.2760598,127.1117054
경기도,용인기흥구,구갈동,A44673402,풍림고층,아파트,경기도 용인시 기흥구 신구로42번길 22,180,121,37.2756313,127.1117522
경기도,용인수지구,죽전1동,A44854110,꽃메마을한라신영프로방스,아파트,경기도 용인시 수지구 죽전로27번길 14-30,388,661,37.3217098,127.1144788
경기도,용인수지구,죽전1동,A44879317,죽전주공8단지,아파트,경기도 용인시 수지구 죽전로27번길 60,643,641,37.32504,127.1128928
경기도,용인기흥구,기흥동,A44673103,기흥써니밸리,아파트,경기도 용인시 기흥구 고매로 16,171,193,37.2309299,127.1111533
경기도,용인기흥구,기흥동,A44673102,기흥동성,아파트,경기도 용인시 기흥구 고매로 26,216,217,37.2309732,127.1121163
경기도,용인수지구,성복동,A44898202,푸른마을푸르지오,아파트,경기도 용인시 수지구 성복2로76번길 31,430,866,37.316175,127.0798382
경기도,용인수지구,성복동,A10026460,수지 성복 효성해링턴코트,아파트,경기도 용인시 수지구 성복1로281번길 20,236,310,37.3175005,127.0653222
경기도,용인기흥구,동백1동,A44674712,호수마을서해그랑블,아파트,경기도 용인시 기흥구 동백7로 56,536,594,37.2818739,127.1574618
경기도,용인기흥구,영덕1동,A44690806,휴먼시아흥덕마을1단지,아파트,경기도 용인시 기흥구 흥덕1로79번길 9,1254,1016,37.2744927,127.0691151
경기도,용인기흥구,영덕1동,A44678710,호반써밋 레이크파크,아파트,경기도 용인시 기흥구 흥덕1로79번길 37,527,587,37.2775755,127.0700616
경기도,용인기흥구,영덕1동,A44678703,광교레이크스위첸,아파트,경기도 용인시 기흥구 흥덕2로117번길 14,502,560,37.2786452,127.0721345
경기도,용인기흥구,영덕1동,A44678713,용인흥덕아델리움8단지,아파트,경기도 용인시 기흥구 흥덕2로118번길 25,474,523,37.2718661,127.0737664
경기도,용인기흥구,영덕1동,A44678702,흥덕우미린레이크포레,아파트,경기도 용인시 기흥구 흥덕2로118번길 26,486,617,37.2718661,127.0737664
경기도,용인기흥구,신갈동,A44659508,원대마을한신아파트,아파트,경기도 용인시 기흥구 신갈로 102,367,483,37.276014,127.1064502
경기도,용인기흥구,서농동,A44671101,서천마을휴먼시아3단지,아파트,경기도 용인시 기흥구 서천서로 125,980,841,37.235632,127.0701048
경기도,용인기흥구,서농동,A44670103,센트럴파크원,아파트,경기도 용인시 기흥구 서천서로 27,826,880,37.235632,127.0701048
경기도,용인기흥구,신갈동,A44658609,새천년그린빌주공1단지,아파트,경기도 용인시 기흥구 새천년로 13,414,430,37.289937,127.1106807
경기도,용인기흥구,신갈동,A44658601,새천년그린빌주공2단지,아파트,경기도 용인시 기흥구 새천년로 27,238,242,37.2898634,127.1120462
경기도,용인기흥구,신갈동,A44658715,파크시엘아파트,아파트,경기도 용인시 기흥구 새천년로 40,923,947,37.2885804,127.114221
경기도,용인기흥구,신갈동,A44658913,양현마을신안풍림,아파트,경기도 용인시 기흥구 산양로 17,776,788,37.2839692,127.1071072
경기도,용인기흥구,구성동,A44657505,물푸레마을휴먼시아1단지,아파트,경기도 용인시 기흥구 구성2로 52,618,545,37.2949904,127.1468115
경기도,용인기흥구,구성동,A44691506,물푸레마을휴먼시아2단지,아파트,경기도 용인시 기흥구 구성3로 37,389,343,37.2954196,127.1492204
경기도,용인기흥구,구성동,A44657504,물푸레마을휴먼시아5단지,아파트,경기도 용인시 기흥구 구성3로 38,712,658,37.2955695,127.150906
경기도,용인기흥구,보정동,A44679308,연원마을삼성명가타운,아파트,경기도 용인시 기흥구 용구대로 2460,424,516,37.3050626,127.1079318
경기도,용인기흥구,마북동,A44656211,교동마을현대홈타운,아파트,경기도 용인시 기흥구 마북로 124-9,795,1503,37.3003471,127.1245561
경기도,용인기흥구,구갈동,A44658010,강남마을코오롱하늘채,아파트,경기도 용인시 기흥구 강남동로 20,530,640,37.2700528,127.1288736
경기도,용인기흥구,구갈동,A44658008,"강남마을자연앤4,6단지",아파트,경기도 용인시 기흥구 강남동로 43,781,1101,37.2704731,127.1319931
경기도,용인기흥구,구갈동,A44657809,구갈강남마을 계룡리슈빌,아파트,경기도 용인시 기흥구 강남동로 54,528,555,37.2694517,127.1335325
경기도,용인기흥구,상하동,A44671901,용인구갈8,아파트,경기도 용인시 기흥구 강남동로 92,1176,971,37.2713311,127.1357165
경기도,용인기흥구,상하동,A44658108,강남마을9단지한라비발디,아파트,경기도 용인시 기흥구 강남동로 128,890,1040,37.2752113,127.1374638
경기도,용인기흥구,영덕1동,A44678711,동원로얄듀크,아파트,경기도 용인시 기흥구 흥덕중앙로105번길 24,720,961,37.2769497,127.0806158
경기도,용인기흥구,영덕1동,A44678701,흥덕우남퍼스트빌리젠트,연립주택,경기도 용인시 기흥구 흥덕중앙로105번길 40,153,482,37.2802751,127.0814718
경기도,용인기흥구,영덕1동,A44678706,흥덕11단지경남아너스빌,아파트,경기도 용인시 기흥구 흥덕중앙로105번길 41,545,1075,37.2804603,127.0777212
경기도,용인기흥구,동백1동,A44672805,백현마을코아루,아파트,경기도 용인시 기흥구 동백7로 80,414,575,37.2808595,127.159274
경기도,용인기흥구,동백1동,A44672102,백현마을한라비발디2단지,아파트,경기도 용인시 기흥구 동백7로 96,304,422,37.279908,127.1609343
경기도,용인기흥구,동백1동,A44672104,백현마을한라비발디1단지,아파트,경기도 용인시 기흥구 동백7로 97,342,377,37.2810064,127.1620791
경기도,용인기흥구,동백1동,A44691106,호수마을자연앤데시앙,아파트,경기도 용인시 기흥구 동백8로 9,432,486,37.2868152,127.1516292
경기도,용인기흥구,동백1동,A44691101,호수마을월드메르디앙,아파트,경기도 용인시 기흥구 동백8로 19,286,320,37.2864301,127.1532112
경기도,용인기흥구,동백1동,A44674410,휴먼시아5단지,아파트,경기도 용인시 기흥구 동백8로 27,488,547,37.2864376,127.1545148
경기도,용인기흥구,동백1동,A44691117,호수마을주공3단지,아파트,경기도 용인시 기흥구 동백8로 64,898,909,37.2840116,127.1577695
경기도,용인수지구,성복동,A44898103,엘지빌리지2차,아파트,경기도 용인시 수지구 수지로113번길 15,758,1530,37.312431,127.078327
경기도,용인수지구,성복동,A44898201,수지강남빌리지,아파트,경기도 용인시 수지구 수지로113번길 16,428,735,37.3141146,127.077801
경기도,용인기흥구,마북동,A44656209,교동마을현대,아파트,경기도 용인시 기흥구 마북로 139,486,868,37.3030087,127.121007
경기도,용인기흥구,마북동,A44677103,교동마을동양파라곤,아파트,경기도 용인시 기흥구 마북로 140,278,498,37.3014745,127.1227597
경기도,용인기흥구,보라동,A44690406,한보라 더힐,아파트,경기도 용인시 기흥구 한보라1로 91,762,837,37.2475962,127.1068039
경기도,용인기흥구,보정동,A44656607,신촌마을포스홈타운2단지,아파트,경기도 용인시 기흥구 신촌로47번길 11,423,806,37.308879,127.1092833
경기도,용인기흥구,상하동,A44691704,수원동마을쌍용스윗닷홈2단지,아파트,경기도 용인시 기흥구 중부대로788번길 15,465,620,37.2558923,127.1414775
경기도,용인기흥구,상하동,A44694209,수원동마을쌍용아파트,아파트,경기도 용인시 기흥구 중부대로788번길 22,1342,1883,37.2572094,127.1389599
경기도,용인수지구,죽전2동,A44875506,벽산타운3단지,아파트,경기도 용인시 수지구 용구대로2801번길 16,425,355,37.3352068,127.1070112
경기도,용인수지구,죽전2동,A44875508,벽산,아파트,경기도 용인시 수지구 용구대로2801번길 41,465,519,37.3343396,127.1049406
경기도,용인수지구,성복동,A44853108,성동마을 엘지빌리지3차,아파트,경기도 용인시 수지구 성복2로 126,1234,3018,37.3177395,127.0727057
경기도,용인수지구,성복동,A44853206,성동마을엘지빌리지6차,아파트,경기도 용인시 수지구 성복2로 158,956,2064,37.3189362,127.0700712
경기도,용인수지구,성복동,A44814002,수지자이아파트,아파트,경기도 용인시 수지구 성복2로 174,680,1298,37.3197437,127.0682628
경기도,용인수지구,성복동,A44898208,성복센트럴자이아파트,아파트,경기도 용인시 수지구 성복2로 184,500,967,37.3204319,127.0670877
경기도,용인기흥구,구성동,A44691505,구성휴먼시아물푸레마을휴먼시아3단지,아파트,경기도 용인시 기흥구 구성3로 65,988,1075,37.2997605,127.1502859
경기도,용인수지구,상현2동,A44851612,상현엘지자이,아파트,경기도 용인시 수지구 만현로133번길 33,1034,1406,37.3041327,127.0897095
경기도,용인수지구,상현2동,A44852602,만현마을2단지현대아이파크,아파트,경기도 용인시 수지구 만현로67번길 9,404,743,37.3092782,127.0881144
경기도,용인수지구,상현2동,A44813003,만현마을3단지성원상떼빌,아파트,경기도 용인시 수지구 만현로67번길 19,554,681,37.3097039,127.0902639
경기도,용인수지구,죽전1동,A44816101,진흥더블파크,아파트,경기도 용인시 수지구 죽전로254번길 29,160,274,37.3330962,127.13057
경기도,용인수지구,신봉동,A44815011,엘지자이1차,아파트,경기도 용인시 수지구 신봉2로 26,1990,3106,37.3260322,127.0782523
경기도,용인수지구,신봉동,A10027904,웰스톤시티,도시형 생활주택(아파트),경기도 용인시 수지구 신봉2로 60,265,201,37.3288652,127.0722041
경기도,용인수지구,신봉동,A44815010,엘지신봉자이2차,아파트,경기도 용인시 수지구 신봉2로 72,1626,2589,37.3291472,127.074433
경기도,용인수지구,신봉동,A10027893,광교산자이아파트,아파트,경기도 용인시 수지구 신봉2로 93,445,581,37.3288652,127.0722041
경기도,용인기흥구,동백3동,A44657406,어정마을서희삼정,아파트,경기도 용인시 기흥구 언동로 193-26,390,476,37.2792899,127.1450661
경기도,용인기흥구,동백3동,A10027209,신동백동도센트리움,아파트,경기도 용인시 기흥구 언동로 207,254,181,37.2850783,127.1384014
경기도,용인기흥구,신갈동,A44673805,드림랜드,아파트,경기도 용인시 기흥구 용구대로2152번길 39,299,220,37.2802117,127.1102189
경기도,용인기흥구,마북동,A44655902,용화마을태영데시앙,아파트,경기도 용인시 기흥구 구성로 44-10,321,388,37.2939994,127.1134875
경기도,용인기흥구,구성동,A44691504,물푸레마을휴먼시아9단지,아파트,경기도 용인시 기흥구 구성로 392,948,831,37.2918368,127.1531055
경기도,용인기흥구,구성동,A44657507,물푸레마을휴먼시아7단지,아파트,경기도 용인시 기흥구 구성로 395,398,436,37.2929383,127.1517849
경기도,용인기흥구,구성동,A44691502,호반베르디움,아파트,경기도 용인시 기흥구 구성로 411,308,544,37.2933522,127.153834
경기도,용인기흥구,구성동,A44691501,물푸레마을경남아너스빌,아파트,경기도 용인시 기흥구 구성로 470,240,431,37.2976382,127.1531397
경기도,용인기흥구,구성동,A44657506,구성더포레스트,아파트,경기도 용인시 기흥구 구성로 475,367,403,37.2936263,127.146836
경기도,용인기흥구,마북동,A44693605,연원마을엘지,아파트,경기도 용인시 기흥구 연원로 5,396,526,37.3015437,127.1079091
경기도,용인수지구,상현1동,A44813005,벽산블루밍,아파트,경기도 용인시 수지구 수지로 68,631,645,37.3088564,127.07752
경기도,용인수지구,상현1동,A44851510,광교힐스테이트,아파트,경기도 용인시 수지구 수지로 75,860,1679,37.3084294,127.0740643
경기도,용인수지구,풍덕천1동,A44876205,삼성1차,아파트,경기도 용인시 수지구 수풍로 13,576,688,37.3261767,127.0887576
경기도,용인수지구,풍덕천1동,A44876107,수지보원아파트,아파트,경기도 용인시 수지구 수풍로 16,619,440,37.3264316,127.0903828
경기도,용인수지구,풍덕천1동,A44876303,수지2차삼성,아파트,경기도 용인시 수지구 수풍로 38,420,300,37.3272638,127.0915124
경기도,용인수지구,풍덕천1동,A44817001,수지동문,아파트,경기도 용인시 수지구 수풍로 47,368,379,37.3288252,127.091137
경기도,용인수지구,풍덕천1동,A44876411,수지4차삼성,아파트,경기도 용인시 수지구 수풍로 90,1137,710,37.3307712,127.0940328
경기도,용인수지구,풍덕천2동,A44817004,수지 진산마을 푸르지오,아파트,경기도 용인시 수지구 진산로34번길 24,438,525,37.3171128,127.0960387
경기도,용인수지구,풍덕천2동,A44817003,진산마을삼성래미안7차,아파트,경기도 용인시 수지구 진산로34번길 29,501,1280,37.3171128,127.0960387
경기도,용인처인구,중앙동,A44902003,용인삼환나우빌아파트,아파트,경기도 용인시 처인구 중부대로 1348,458,564,37.2336191,127.1945985
경기도,용인처인구,양지면,A44982301,양지마을신원아침도시,아파트,경기도 용인시 처인구 교동로 1,156,160,37.2349109,127.2853868
경기도,용인기흥구,상하동,A44656806,신일유토빌,아파트,경기도 용인시 기흥구 어정로 62-7,510,738,37.2711718,127.1390783
경기도,용인기흥구,상하동,A44671902,지석마을그대가크레던스,아파트,경기도 용인시 기흥구 어정로 62-28,554,1011,37.2684339,127.1361769
경기도,용인기흥구,상하동,A44677505,초록마을 풍림아파트,아파트,경기도 용인시 기흥구 어정로 80,469,469,37.2725703,127.1398269
경기도,용인기흥구,신갈동,A10026407,삼익리베리움,도시형 생활주택(아파트),경기도 용인시 기흥구 갈천로7번길 47,171,103,37.2706795,127.1055428
경기도,용인수지구,죽전1동,A44816012,성현마을죽전주공3단지,아파트,경기도 용인시 수지구 죽전로193번길 11,388,392,37.3266759,127.1253051
경기도,용인수지구,죽전1동,A44854016,성현마을반도유보라,아파트,경기도 용인시 수지구 죽전로193번길 35,637,1087,37.3266759,127.1253051
경기도,용인수지구,풍덕천2동,A44878510,진산마을삼성5차아파트,아파트,경기도 용인시 수지구 진산로66번길 10,1828,2644,37.3163032,127.0941128
경기도,용인기흥구,구성동,A44657001,하마비마을동부센트레빌,아파트,경기도 용인시 기흥구 구성로 97,418,688,37.2949115,127.1218581
경기도,용인기흥구,구성동,A44657106,동일하이빌1차,아파트,경기도 용인시 기흥구 구성로 105-15,999,1654,37.2963246,127.1274879
경기도,용인기흥구,구성동,A44677702,언남동부,아파트,경기도 용인시 기흥구 구성로 123,446,464,37.2932336,127.1226896
경기도,용인수지구,신봉동,A44815008,엘지빌리지5차B단지,아파트,경기도 용인시 수지구 신봉1로 110,556,1235,37.3264413,127.0727206
경기도,용인수지구,신봉동,A44815007,엘지빌리지5차A단지,아파트,경기도 용인시 수지구 신봉1로 112-2,532,1199,37.3264413,127.0727206
경기도,용인수지구,신봉동,A44853610,동부센트레빌5단지,아파트,경기도 용인시 수지구 신봉1로 214,490,904,37.3299595,127.0670297
경기도,용인수지구,신봉동,A44853611,신봉동부센트레빌6단지아파트,아파트,경기도 용인시 수지구 신봉1로 216,450,840,37.3332126,127.0648895
경기도,용인수지구,동천동,A44851005,래미안이스트팰리스2단지,아파트,경기도 용인시 수지구 동천로113번길 10,428,787,37.3364872,127.0900934
경기도,용인기흥구,동백3동,A44670701,신동백롯데캐슬에코2단지,아파트,경기도 용인시 기흥구 동백죽전대로527번길 67,868,1294,37.2721371,127.1521978
경기도,용인기흥구,동백3동,A44675301,신동백롯데캐슬에코1단지,아파트,경기도 용인시 기흥구 동백죽전대로527번길 80,1902,2769,37.2721371,127.1521978
경기도,용인기흥구,동백3동,A44675302,신동백서해그랑블1차,아파트,경기도 용인시 기흥구 동백죽전대로527번길 81,236,365,37.2721371,127.1521978
경기도,용인처인구,동부동,A44904005,용인마평,아파트,경기도 용인시 처인구 고림로 22,639,518,37.2356367,127.2143256
경기도,용인기흥구,서농동,A44670102,서천마을2단지,아파트,경기도 용인시 기흥구 서천로128번길 12,663,569,37.2380967,127.0722069
경기도,용인처인구,포곡읍,A44978603,배머루베네치아,아파트,경기도 용인시 처인구 영문로 64,347,422,37.2723034,127.209872
경기도,용인수지구,동천동,A44851206,신명스카이뷰,아파트,경기도 용인시 수지구 손곡로 53,262,262,37.3357194,127.0966761
경기도,용인수지구,동천동,A44812009,수진마을2단지,아파트,경기도 용인시 수지구 손곡로 54,344,549,37.3368172,127.0965918
경기도,용인수지구,동천동,A44851210,수진마을우미이노스빌,아파트,경기도 용인시 수지구 손곡로 67,396,400,37.3356784,127.0948484
경기도,용인수지구,동천동,A44851412,수진마을써니벨리,아파트,경기도 용인시 수지구 손곡로 82,627,750,37.3368954,127.0936173
경기도,용인수지구,풍덕천2동,A44855005,수지태영데시앙1차,아파트,경기도 용인시 수지구 수지로 166,648,661,37.3153691,127.0830441
경기도,용인수지구,풍덕천1동,A44878406,동부1차,아파트,경기도 용인시 수지구 수지로 323,612,442,37.3280158,127.0928698
경기도,용인수지구,동천동,A44851111,동천마을현대1차홈타운,아파트,경기도 용인시 수지구 수지로 487,466,472,37.3397236,127.0988942
경기도,용인기흥구,구성동,A44691003,구성신일해피트리,아파트,경기도 용인시 기흥구 구성로 184,591,713,37.2906602,127.1300277
경기도,용인수지구,동천동,A44851007,래미안이스트팰리스4단지,아파트,경기도 용인시 수지구 동천로153번길 6,620,1352,37.3356019,127.0850101
경기도,용인수지구,동천동,A44851006,래미안이스트팰리스1단지,아파트,경기도 용인시 수지구 동천로153번길 7,460,948,37.3363875,127.0880283
경기도,용인수지구,동천동,A10025376,동천 파크 자이 아파트,아파트,경기도 용인시 수지구 동천로153번길 79,388,475,37.3356424,127.086916
경기도,용인수지구,동천동,A10026122,동천더샵파크사이드,아파트,경기도 용인시 수지구 동천로178번길 4,330,377,37.3397068,127.0849429
경기도,용인처인구,동부동,A44992902,마평라이프,아파트,경기도 용인시 처인구 동부로 7,290,217,37.2320043,127.2143159
경기도,용인수지구,상현1동,A10026428,포레나광교상현,아파트,경기도 용인시 수지구 수지로 17,639,766,37.3201986,127.0857095
경기도,용인수지구,상현1동,A44852804,광교현대프레미오,아파트,경기도 용인시 수지구 수지로 41,300,671,37.3070642,127.0740607
경기도,용인기흥구,신갈동,A44696104,신갈삼익,아파트,경기도 용인시 기흥구 신갈로124번길 3,296,228,37.2783787,127.1062543
경기도,용인기흥구,보라동,A44659201,자봉마을써니밸리,아파트,경기도 용인시 기흥구 사은로 274-22,1092,1371,37.2512824,127.1355454
경기도,용인처인구,역삼동,A44972203,역북마을신성,아파트,경기도 용인시 처인구 명지로 15-5,475,475,37.2351715,127.189674
경기도,용인처인구,역삼동,A44972201,역북마을금강,아파트,경기도 용인시 처인구 명지로 15-29,150,151,37.2346235,127.1915123
경기도,용인처인구,역삼동,A44972202,역북마을보성,아파트,경기도 용인시 처인구 명지로 15-33,162,249,37.2349153,127.1916129
경기도,용인처인구,중앙동,A44903001,삼라마이다스빌,아파트,경기도 용인시 처인구 명지로 307,159,161,37.2279881,127.2097069
경기도,용인처인구,유림동,A44972404,인정프린스3차,아파트,경기도 용인시 처인구 경안천로 368,380,171,37.2638714,127.2167134
경기도,용인처인구,유림동,A44972402,용인인정프린스2차,아파트,경기도 용인시 처인구 경안천로 378,330,241,37.2644087,127.2163425
경기도,용인처인구,유림동,A10026328,양우내안애 에듀파크,아파트,경기도 용인시 처인구 경안천로 112,737,813,37.2448753,127.2144711
경기도,용인기흥구,동백3동,A44691604,신동백아이파크,아파트,경기도 용인시 기흥구 언동로217번길 11,313,544,37.2775888,127.1453481
경기도,용인기흥구,동백3동,A44675303,신동백서해그랑블2차,아파트,경기도 용인시 기흥구 언동로217번길 31,817,1112,37.277518,127.1473891
경기도,용인수지구,신봉동,A44853509,우남퍼스트빌,아파트,경기도 용인시 수지구 신봉1로 27,962,841,37.319775,127.0806664
경기도,용인수지구,신봉동,A44853503,서홍마을현대효성,아파트,경기도 용인시 수지구 신봉1로 28,388,403,37.3209663,127.0819607
경기도,용인처인구,중앙동,A44970503,용인에스원스마트빌,도시형 생활주택(주상복합),경기도 용인시 처인구 백옥대로 1104,299,73,37.2340419,127.2094668
경기도,용인기흥구,영덕1동,A44678704,흥덕마을주공4단지,아파트,경기도 용인시 기흥구 흥덕2로 46,383,317,37.2716868,127.0741818
경기도,용인기흥구,영덕1동,A44678705,흥덕마을3단지,아파트,경기도 용인시 기흥구 흥덕2로 80,866,705,37.2744849,127.0749098
경기도,용인기흥구,영덕1동,A44678712,흥덕마을7단지힐스테이트,아파트,경기도 용인시 기흥구 흥덕2로 126,570,631,37.2794202,127.0735256
경기도,용인기흥구,영덕1동,A44678708,흥덕마을12단지,아파트,경기도 용인시 기흥구 흥덕3로 20,759,1485,37.2714692,127.0840876
경기도,용인기흥구,영덕1동,A44678709,흥덕마을14단지 호반베르디움,아파트,경기도 용인시 기흥구 흥덕3로 60,236,496,37.2739697,127.0831575
경기도,용인처인구,역삼동,A44978002,우남퍼스트빌,아파트,경기도 용인시 처인구 금학로 91,451,550,37.2406834,127.1733614
경기도,용인처인구,동부동,A44904004,푸른마을 용인 자이 아파트,아파트,경기도 용인시 처인구 금학로 520,502,567,37.2343196,127.2185868
경기도,용인처인구,역삼동,A44971803,진우,아파트,경기도 용인시 처인구 중부대로 1144,582,553,37.2390156,127.1717026
경기도,용인기흥구,구성동,A44657503,청덕마을광도와이드빌,아파트,경기도 용인시 기흥구 언동로71번길 64,476,575,37.2876158,127.1456712
경기도,용인기흥구,마북동,A44693813,연원마을벽산아파트,아파트,경기도 용인시 기흥구 연원로42번길 2,1576,2018,37.3008836,127.1103555
경기도,용인기흥구,마북동,A44655801,연원마을삼성쉐르빌아파트,아파트,경기도 용인시 기흥구 연원로42번길 33,316,756,37.3012583,127.1145336
경기도,용인처인구,중앙동,A10026993,유메이드,도시형 생활주택(주상복합),경기도 용인시 처인구 금령로 43,299,149,37.2351129,127.20094
경기도,용인기흥구,신갈동,A44658506,새릉골풍림,아파트,경기도 용인시 기흥구 기흥로116번길 7,340,341,37.2868139,127.1120132
경기도,용인기흥구,신갈동,A44658814,기흥파크뷰(새천년그린빌5단지),아파트,경기도 용인시 기흥구 기흥로116번길 60,915,944,37.2879835,127.1190086
경기도,용인기흥구,신갈동,A44658807,용인신갈푸르지오,아파트,경기도 용인시 기흥구 기흥로116번길 77,346,605,37.2898984,127.1178021
경기도,용인기흥구,구성동,A44679205,초원마을성원상떼빌,아파트,경기도 용인시 기흥구 기흥로116번길 100,860,1303,37.2893069,127.1224837
경기도,용인기흥구,서농동,A44690601,예현마을현대홈타운,아파트,경기도 용인시 기흥구 예현로35번길 21,622,910,37.2413755,127.0679165
경기도,용인처인구,유림동,A44972403,인정프린스1차,아파트,경기도 용인시 처인구 금어로 6,375,209,37.2648788,127.2160344
경기도,용인처인구,유림동,A44901002,보평마을 삼정그린뷰 아파트,아파트,경기도 용인시 처인구 금어로 74,360,434,37.2653799,127.2228773
경기도,용인처인구,유림동,A44978805,금평마을영화,아파트,경기도 용인시 처인구 금어로 102,428,536,37.2655097,127.2259155
경기도,용인처인구,이동읍,A44983303,한천마을금광베네스타,아파트,경기도 용인시 처인구 백옥대로 711,460,502,37.2002811,127.2075728
경기도,용인처인구,이동읍,A10027387,에이스카운티아파트,아파트,경기도 용인시 처인구 백옥대로 737,430,478,37.192076,127.2068598
경기도,용인처인구,포곡읍,A44982804,금전마을리슈빌아파트,아파트,경기도 용인시 처인구 둔전로 15,441,485,37.2666255,127.2160929
경기도,용인수지구,성복동,A10024775,성복역 롯데캐슬파크나인아파트,아파트,경기도 용인시 수지구 성복1로 13,534,702,37.3175005,127.0653222
경기도,용인수지구,동천동,A10024930,더샵동천이스트포레아파트,아파트,경기도 용인시 수지구 수풍로 89,980,1226,37.3318415,127.093177
경기도,용인수지구,성복동,A10024453,성복역 롯데캐슬 클라시엘 아파트,아파트,경기도 용인시 수지구 성복1로 35,1094,1530,37.3175005,127.0653222
경기도,용인수지구,상현1동,A10024390,광교상현솔하임,도시형 생활주택(주상복합),경기도 용인시 수지구 상현로 6,224,179,37.3025489,127.074759
경기도,용인수지구,죽전1동,A10024338,죽전역솔하임,도시형 생활주택(주상복합),경기도 용인시 수지구 정든로 5,234,170,37.3274678,127.1145453
경기도,용인기흥구,동백3동,A10025674,동백하우스디카바나,아파트,경기도 용인시 기흥구 동백죽전대로527번길 34,284,313,37.2721371,127.1521978
경기도,용인수지구,신봉동,A10025673,신봉동 동도센트리움,아파트,경기도 용인시 수지구 신봉3로 6,184,202,37.3264919,127.0657722
경기도,용인수지구,신봉동,A10023754,힐스테이트 광교산,아파트,경기도 용인시 수지구 신봉2로 154,789,1026,37.3288652,127.0722041
경기도,용인수지구,동천동,A10023868,한화포레나수지동천,아파트,경기도 용인시 수지구 고기로45번길 40,293,311,37.3414282,127.09015
경기도,용인처인구,남사읍,A10023854,이편한세상용인파크카운티,연립주택,경기 용인시 처인구 남사읍 한숲로33번길 36,75,115,37.2291545,127.2825314
경기도,용인기흥구,구성동,A10024208,힐스테이트 구성 아파트,아파트,경기 용인시 기흥구 용인향교로 29,699,874,37.2967369,127.1202756
경기도,용인기흥구,마북동,A44655607,교동마을LG자이,아파트,경기 용인시 기흥구 마북로 182,450,583,37.3052495,127.1256036
경기도,용인수지구,상현1동,A44813013,광교마을46단지 광교스타클래스,아파트,경기 용인시 수지구 법조로 252,220,392,37.2993199,127.0735488
경기도,용인기흥구,마북동,A44691203,교동마을쌍용,아파트,경기 용인시 기흥구 마북로154번길 23,340,654,37.3033372,127.1269241
경기도,용인수지구,죽전1동,A44816010,도담마을아이파크,아파트,경기 용인시 수지구 대지로 82,360,360,37.3293065,127.1178233
경기도,용인수지구,상현1동,A44813011,광교마을46단지 광교스타클래스,아파트,경기 용인시 수지구 법조로 251,168,323,37.2993199,127.0735488
경기도,용인수지구,풍덕천2동,A44899104,진산마을삼성래미안6차,아파트,경기 용인시 수지구 진산로 108,343,729,37.3194814,127.0999077
경기도,용인수지구,신봉동,A44853608,동일하이빌3단지,아파트,경기 용인시 수지구 신봉3로 25,594,1138,37.3263184,127.0640869
경기도,용인처인구,역삼동,A10027349,역북1단지 우남퍼스트빌 아파트,아파트,경기 용인시 처인구 낙은로 60,409,429,37.2414775,127.1962133
경기도,용인기흥구,보라동,A44658307,보라마을현대모닝사이드2차,아파트,경기 용인시 기흥구 용구대로 1842,771,1234,37.2528157,127.1063669
경기도,용인수지구,죽전2동,A44816003,죽전7차현대홈타운1단지,아파트,경기 용인시 수지구 탄천상로 7,162,178,37.3323031,127.1112603
경기도,용인기흥구,신갈동,A44658414,기흥더샵프라임뷰,아파트,경기 용인시 기흥구 구갈로 71-18,612,775,37.2816781,127.1101464
경기도,용인기흥구,신갈동,A44658415,기흥역롯데캐슬스카이,주상복합,경기 용인시 기흥구 중부대로 375,625,797,37.2653654,127.1005782
경기도,용인기흥구,서농동,A10027304,힐스테이트 서천 아파트,아파트,경기 용인시 기흥구 서천동로 22,754,912,37.2403129,127.0755947
경기도,용인처인구,역삼동,A10027347,역북2단지 우남퍼스트빌아파트,아파트,경기 용인시 처인구 낙은로 59,505,532,37.2414775,127.1962133
