구분,지정일자,최신재지정일자,업소명,소재지(도로명),소재지(지번),소재지전화번호,주된음식,면적,행정동,데이터제공일자
재지정,2003-07-21,2016-07-12,송죽,경기도 용인시 처인구 양지면 양지로143번길 5-9,경기도 용인시 처인구 양지면 양지리 627 - 7  ,031-338-3775,"갈비,등심,돼지갈비",119.82,처인구 양지면,2022-07-21
재지정,2001-10-10,2016-07-12,백암제일식당,경기도 용인시 처인구 백암면 백암로201번길 11 (1층),경기도 용인시 처인구 백암면 백암리 449 - 2 1층 ,031-332-4608,순대국,102.01,처인구 백암면,2022-07-21
재지정,2000-07-15,2016-07-12,중앙식당,경기도 용인시 처인구 백암면 근창로 13,경기도 용인시 처인구 백암면 백암리 447 - 10  ,031-333-7750,순대국,91,처인구 백암면,2022-07-21
재지정,2002-04-10,2018-11-12,푸주옥,경기도 용인시 처인구 중부대로1392번길 18-8 (김량장동),경기도 용인시 처인구 김량장동 359 - 2  ,031-335-3808,도가니탕,190.75,처인구 중앙동,2022-07-21
재지정,2003-01-24,2016-07-12,옛터,경기도 용인시 처인구 모현읍 능원로132번길 9,경기도 용인시 처인구 모현읍 능원리 376  ,031-339-6630,"등심,안창살",380.06,처인구 모현읍,2022-07-21
재지정,2012-08-30,2018-11-12,대성부대고기식당,"경기도 용인시 처인구 금령로90번길 3-6, 1,2층 (김량장동, 외2필지)","경기도 용인시 처인구 김량장동 87 - 5 1,2층 외2필지 ",031-335-3486,부대찌개,327.4,처인구 중앙동,2022-07-21
재지정,1996-07-20,2018-11-12,장수집,경기도 용인시 처인구 이동읍 경기동로1024번길 54,경기도 용인시 처인구 이동읍 어비리 209 - 1  ,031-336-7304,붕어찜,121.26,처인구 이동읍,2022-07-21
재지정,1996-07-20,2016-07-12,고박사냉면,경기도 용인시 처인구 양지면 중부대로 1934-2,경기도 용인시 처인구 양지면 송문리 151  ,031-332-1423,냉면,395.09,처인구 양지면,2022-07-21
재지정,1996-07-20,2018-11-12,한가람,경기도 용인시 처인구 포곡읍 에버랜드로 199,경기도 용인시 처인구 포곡읍 가실리 148  ,031-320-8264,한식,735,처인구 포곡읍,2022-07-21
재지정,2003-07-21,2016-07-12,풍미정식당,경기도 용인시 처인구 모현읍 능원로 72,경기도 용인시 처인구 모현읍 능원리 327  ,031-339-3139,백숙,188.08,처인구 모현읍,2022-07-21
재지정,2011-12-29,2016-07-12,우림개발(주)용인상휴게소(한식),경기도 용인시 처인구 주북로 66-16 (고림동),경기도 용인시 처인구 고림동 89  ,031-339-3660,"우동, 한정식",289.86,처인구 유림동,2022-07-21
재지정,2011-12-29,2016-07-12,우림개발(주)용인하휴게소(한식),경기도 용인시 처인구 주북로94번길 30-1 (고림동),경기도 용인시 처인구 고림동 11  ,031-339-3663,"우동,한정식",283.13,처인구 유림동,2022-07-21
재지정,1998-02-04,2018-11-12,뜰안애,경기도 용인시 처인구 이동읍 백옥대로 805-18,경기도 용인시 처인구 이동읍 천리 515 - 2  ,031-334-7493,"갈비, 정식",416,처인구 이동읍,2022-07-21
재지정,1999-09-30,2018-11-12,뜨락,경기도 용인시 처인구 이동읍 이원로 209,경기도 용인시 처인구 이동읍 묵리 751 - 5  ,031-334-7755,영양밥,188.06,처인구 이동읍,2022-07-21
재지정,2001-03-19,2018-04-03,돈가네옛날김치돼지찌개 백암점,경기도 용인시 처인구 백암면 백암로 175,경기도 용인시 처인구 백암면 백암리 501  ,031-332-4023,"김치찌개, 삼겹살 등",112.45,처인구 백암면,2022-07-21
재지정,2002-04-10,2016-07-12,(주)신촌댁식품,경기도 용인시 처인구 원삼면 죽양대로 1774 (2층),경기도 용인시 처인구 원삼면 맹리 559 - 5 2층 ,031-339-3737,설렁탕,282.72,처인구 원삼면,2022-07-21
재지정,2007-06-19,2018-11-12,한우정,경기도 용인시 처인구 중부대로1676번길 12 (마평동),경기도 용인시 처인구 마평동 249 - 2  ,031-335-4425,"등심,갈비살",66.13,처인구 동부동,2022-07-21
재지정,2003-07-21,2018-11-12,두부고을,경기도 용인시 처인구 남사면 경기동로 13,경기도 용인시 처인구 남사면 통삼리 634 - 7  ,031-333-5767,두부정식,176.83,처인구 남사면,2022-07-21
재지정,1998-02-04,2016-07-12,청룡,경기도 용인시 처인구 원삼면 보개원삼로 1624,경기도 용인시 처인구 원삼면 죽능리 236  ,031-334-9258,자라요리,134.52,처인구 원삼면,2022-07-21
재지정,1999-09-30,2018-11-12,알파인레스토랑(Alpine Food Fair),경기도 용인시 처인구 포곡읍 에버랜드로 199,경기도 용인시 처인구 포곡읍 전대리 157 - 20  ,031-320-8267,스파게티,1861.01,처인구 포곡읍,2022-07-21
재지정,1999-09-30,2018-11-12,오리엔탈 레스토랑(ORIENTAL Restaurant),경기도 용인시 처인구 포곡읍 에버랜드로 199,경기도 용인시 처인구 포곡읍 전대리 519 - 19  ,031-330-3142,국수,1142.52,처인구 포곡읍,2022-07-21
재지정,2002-04-10,2016-01-29,본가장수촌,경기도 용인시 처인구 모현읍 능원로 31,경기도 용인시 처인구 모현읍 능원리 264  ,031-337-2888,백숙,145.58,처인구 모현읍,2022-07-21
재지정,2005-07-18,2016-07-12,외할머니집(용인점),경기도 용인시 처인구 모현읍 오포로 97-1,경기도 용인시 처인구 모현읍 능원리 16 - 3  ,031-339-8849,한정식,190,처인구 모현읍,2022-07-21
재지정,2001-10-10,2018-11-12,맛고을,경기도 용인시 처인구 이동읍 이원로 201,경기도 용인시 처인구 이동읍 묵리 897 - 1  ,031-333-5075,생선구이,171.48,처인구 이동읍,2022-07-21
재지정,2012-08-30,2016-07-12,행복한마당,경기도 용인시 처인구 양지면 중부대로 2065-9,경기도 용인시 처인구 양지면 양지리 790 - 3  ,031-321-7800,한정식,192.79,처인구 양지면,2022-07-21
지정,2017-12-21,2017-12-21,호가(Hogar),경기도 용인시 처인구 포곡읍 성산로 670 (1층),경기도 용인시 처인구 포곡읍 전대리 340 1층 ,031-338-2728,불고기,99,처인구 포곡읍,2022-07-21
재지정,1998-02-04,2016-07-12,주식회사시골농장가든,경기도 용인시 처인구 양지면 한터로 690,경기도 용인시 처인구 양지면 대대리 765  ,031-339-6600,오리백숙,199.8,처인구 양지면,2022-07-21
재지정,2002-04-10,2016-07-12,자작나무이야기,경기도 용인시 처인구 양지면 대대로 302,경기도 용인시 처인구 양지면 대대리 20  ,031-332-3928,"돈까스, 스테이크, 황태정식",185.76,처인구 양지면,2022-07-21
재지정,2002-04-10,2016-03-08,약산흑염소,경기도 용인시 처인구 양지면 남평로 106-1 (1층),경기도 용인시 처인구 양지면 남곡리 102 - 1 1층 ,031-338-5155,"염소탕,전골",162,처인구 양지면,2022-07-21
재지정,2000-07-15,2018-11-12,늘봄공원,경기도 용인시 처인구 이동읍 백옥대로 500,경기도 용인시 처인구 이동읍 덕성리 584 - 15  ,031-333-2990,등심,128.42,처인구 이동읍,2022-07-21
재지정,2002-04-10,2018-11-12,주식회사엠스윙(포시즌),경기도 용인시 처인구 백옥대로 1311 (유방동),경기도 용인시 처인구 유방동 107 - 3  ,031-322-4588,"자장면, 짬뽕",836.61,처인구 유림동,2022-07-21
재지정,2002-04-10,2016-07-12,대원생고기전문점,"경기도 용인시 처인구 용문로 82 (역북동,(지층,1층,2층))","경기도 용인시 처인구 역북동 482 (지층,1층,2층) ",031-337-2770,"등심,삼겹살",307.15,처인구 역삼동,2022-07-21
재지정,2004-06-24,2016-07-12,무안막갈비,경기도 용인시 처인구 모현읍 백옥대로2186번길 11,경기도 용인시 처인구 모현읍 갈담리 393 - 10  ,031-322-3492,갈비,134.25,처인구 모현읍,2022-07-21
재지정,2003-01-24,2018-11-12,황순옥옛날감자탕,경기도 용인시 처인구 포곡읍 전대로 24,경기도 용인시 처인구 포곡읍 전대리 130 - 1  ,031-322-0405,한방감자탕,72.25,처인구 포곡읍,2022-07-21
재지정,2011-07-25,2019-04-03,돈까스클럽용인시청점,"경기도 용인시 처인구 중부대로 1116 (삼가동,1층)",경기도 용인시 처인구 삼가동 195 - 16 1층 ,031-335-7322,돈까스,321.5,처인구 역삼동,2022-07-21
재지정,2004-06-24,2017-11-12,궁촌,경기도 용인시 처인구 지삼로 475 (삼가동),경기도 용인시 처인구 삼가동 392  ,031-321-0523,한정식,101.18,처인구 역삼동,2022-07-21
재지정,2004-06-24,2016-07-12,교동두부,경기도 용인시 처인구 양지면 양대로 37,경기도 용인시 처인구 양지면 양지리 451 - 1  ,031-321-3332,"한정식, 두부",104.73,처인구 양지면,2022-07-21
재지정,2005-07-18,2018-11-12,학마루,경기도 용인시 처인구 용인대학로 96 (역북동),경기도 용인시 처인구 역북동 551 - 9  ,031-321-1201,"닭볶음탕,백숙",167.89,처인구 역삼동,2022-07-21
재지정,2008-01-07,2018-10-08,대가해신탕,경기도 용인시 처인구 이동읍 이원로 219,경기도 용인시 처인구 이동읍 묵리 739 - 6  ,031-332-2913,"민물매운탕, 참게매운탕",116.79,처인구 이동읍,2022-07-21
재지정,2012-08-30,2018-11-12,솔밭,경기도 용인시 처인구 이동읍 경기동로675번길 7 (외 1필지),경기도 용인시 처인구 이동읍 송전리 750 외 1필지 ,031-323-3392,"흑돼지,오리",169.93,처인구 이동읍,2022-07-21
지정,2018-11-01,2018-11-01,눈꽃참치,"경기도 용인시 처인구 금령로71번길 9, 2층 (김량장동)","경기도 용인시 처인구 김량장동 254 - 364 신라빌딩, 2층 ",031-321-5234,참치회,141.09,처인구 중앙동,2022-07-21
재지정,2008-01-07,2018-11-12,도둑골화로구이,"경기도 용인시 처인구 포곡읍 포곡로117번길 23, 1,2층","경기도 용인시 처인구 포곡읍 둔전리 167 - 2 1,2층 ",031-322-5292,돼지갈비,224.81,처인구 포곡읍,2022-07-21
재지정,2009-09-11,2018-11-12,본수원갈비(용인점),"경기도 용인시 처인구 중부대로 1387 (김량장동, 1층, 2층 일부, 3층)","경기도 용인시 처인구 김량장동 329 - 7 1층, 2층 일부, 3층 ",031-338-8434,갈비,1016.36,처인구 중앙동,2022-07-21
재지정,2012-08-30,2018-11-12,횡성한우타운&오리전문점,경기도 용인시 처인구 남사면 통삼로 507,경기도 용인시 처인구 남사면 통삼리 607  ,031-338-9922,한우모듬,313.25,처인구 남사면,2022-07-21
재지정,2012-08-30,2018-11-12,들꽃,경기도 용인시 처인구 이동읍 백자로156번길 19,경기도 용인시 처인구 이동읍 서리 626  ,031-321-1122,한정식,180.82,처인구 이동읍,2022-07-21
재지정,2010-06-22,2018-11-12,봉화한약우가든,"경기도 용인시 처인구 경안천로 14 (마평동,외2필지2층)",경기도 용인시 처인구 마평동 892 외2필지2층 ,031-321-7898,"등심, 갈매기살",252.52,처인구 동부동,2022-07-21
재지정,2011-07-25,2018-11-12,삼보추어탕,"경기도 용인시 처인구 중부대로 1116 (삼가동,외1필지 지1층)",경기도 용인시 처인구 삼가동 195 - 16 외1필지 지1층 ,031-334-5580,추어탕,277.42,처인구 역삼동,2022-07-21
지정,2017-12-21,2017-12-21,신촌설렁탕,"경기도 용인시 처인구 포곡읍 성산로692번길 16, 1층 (외3필지)",경기도 용인시 처인구 포곡읍 전대리 325 - 7 외3필지 1층 ,031-321-4480,설렁탕,95.86,처인구 포곡읍,2022-07-21
재지정,2011-12-29,2018-11-12,칡냉면전문점 설봄,"경기도 용인시 처인구 명지로 317 (남동,외1필지 2층)",경기도 용인시 처인구 남동 618 - 1 외1필지 2층 ,031-322-9993,"칡냉명, 만두국",275.45,처인구 중앙동,2022-07-21
재지정,2012-08-30,2018-11-12,터,경기도 용인시 처인구 이동읍 백자로156번길 23 (외2필지 1층),경기도 용인시 처인구 이동읍 서리 627 외2필지 1층 ,031-338-3823,한정식,113.18,처인구 이동읍,2022-07-21
지정,2017-12-21,2017-12-21,(주)갈비명가소들녘,"경기도 용인시 처인구 양지면 양지로 242, 1,2층 (외1필지)","경기도 용인시 처인구 양지면 양지리 186 - 1 1,2층 외1필지 ",031-322-3922,갈비,951.6,처인구 양지면,2022-07-21
재지정,2015-04-30,2018-11-12,김남희한우,"경기도 용인시 처인구 용인대학로 98, 2층 (역북동)",경기도 용인시 처인구 역북동 551 - 28 2층 ,,"갈비탕, 육회비빔밥",137.16,처인구 역삼동,2022-07-21
재지정,2017-01-09,2018-11-12,이향가든,경기도 용인시 처인구 지삼로 508 (삼가동),경기도 용인시 처인구 삼가동 323 - 1  ,031-322-2917,"백숙,삼계탕",165.6,처인구 역삼동,2022-07-21
재지정,2015-04-30,2018-11-12,대덕골보쌈칼국수,경기도 용인시 처인구 금령로71번길 16 (김량장동),경기도 용인시 처인구 김량장동 254 - 369 외1필지 ,031-335-0201,"보쌈, 칼국수",213,처인구 중앙동,2022-07-21
재지정,2015-10-02,2018-11-12,쌈천리,경기도 용인시 처인구 이동읍 이원로 6,경기도 용인시 처인구 이동읍 천리 252 - 7  ,031-334-3839,쌈정식,154.38,처인구 이동읍,2022-07-21
지정,2016-09-26,2016-09-26,메이홍,"경기도 용인시 처인구 양지면 한터로 690 (A동 1~2층, C동, D동, E동, F동, G동, H동, I동, J동)","경기도 용인시 처인구 양지면 대대리 765 A동 1~2층, C동, D동, E동, F동, G동, H동, I동, J동 ",,"짜장면, 짬뽕",475.29,처인구 양지면,2022-07-21
지정,2017-12-21,2017-12-21,본가왕뼈감자탕,"경기도 용인시 처인구 중부대로 1403 (김량장동, 1층 일부, 외1필지)","경기도 용인시 처인구 김량장동 336 - 10 1층 일부, 외1필지 ",,감자탕,389.4,처인구 중앙동,2022-07-21
지정,2017-12-21,2017-12-21,명가,"경기도 용인시 처인구 포곡읍 포곡로272번길 19-6 (1층, 외1필지)","경기도 용인시 처인구 포곡읍 삼계리 544 - 1 1층, 외1필지 ",,코다리찜,181.44,처인구 포곡읍,2022-07-21
지정,2017-12-21,2017-12-21,송정누룽지백숙,"경기도 용인시 처인구 포곡읍 에버랜드로 74 (1층 일부, 외1필지)","경기도 용인시 처인구 포곡읍 전대리 102 - 2 1층 일부, 외1필지 ",031-336-0294,누룽지백숙,288,처인구 포곡읍,2022-07-21
지정,2018-11-01,2018-11-01,내린천민물매운탕,"경기도 용인시 처인구 백령로 2-1, 1층 (유방동)",경기도 용인시 처인구 유방동 641  ,031-338-1088,매운탕 등,146.14,처인구 유림동,2022-07-21
지정,2018-11-01,2018-11-01,대가원(용인점),"경기도 용인시 처인구 이동읍 백옥대로 861, 1층",경기도 용인시 처인구 이동읍 천리 506 - 5 1층 ,,"한우등심, 갈비탕, 냉면 등",432,처인구 이동읍,2022-07-21
지정,2018-11-01,2018-11-01,아함흥냉면,"경기도 용인시 처인구 명지로55번길 17-1, 1층 (역북동)",경기도 용인시 처인구 역북동 586 - 9 1층 일부 ,031-335-7712,"냉면, 갈비탕 등",179.27,처인구 역삼동,2022-07-21
지정,2018-11-01,2018-11-01,해원일식,"경기도 용인시 처인구 낙은로 138, 1층 (역북동)",경기도 용인시 처인구 역북동 214 - 3 1층 ,031-336-7717,"생선회, 매운탕 등",154.08,처인구 역삼동,2022-07-21
재지정,2013-08-01,2018-11-12,로타리가든,"경기도 용인시 기흥구 백남준로 47 (상갈동,(1,2층))","경기도 용인시 기흥구 상갈동 143 - 1 (1,2층) ",031-285-5030,소갈비,407.56,기흥구 상갈동,2022-07-21
재지정,1999-09-30,2018-11-12,옛고향촌,경기도 용인시 기흥구 갈천로7번길 63-4 (신갈동),경기도 용인시 기흥구 신갈동 69 - 12  ,031-283-7788,우거지갈비탕,231,기흥구 신갈동,2022-07-21
재지정,2011-12-20,2016-07-12,농우본수원갈비,"경기도 용인시 기흥구 흥덕4로15번길 8 (영덕동, 지층,1층,2층)","경기도 용인시 기흥구 영덕동 1105 - 3 지층,1층,2층 ",031-283-0771,숯불소갈비,1202.11,기흥구 영덕동,2022-07-21
재지정,2004-06-24,2018-11-12,기흥민물장어,경기도 용인시 기흥구 기흥단지로24번길 2 (고매동),경기도 용인시 기흥구 고매동 525 - 19  ,031-286-9717,장어구이,260.75,기흥구 기흥동,2022-07-21
재지정,2013-08-01,2016-07-12,태광골프장클럽하우스식당,경기도 용인시 기흥구 흥덕4로 77 (영덕동),경기도 용인시 기흥구 영덕동 258 - 2  ,070-8189-6033,갈비탕,1204,기흥구 영덕동,2022-07-21
재지정,2011-08-01,2018-11-12,주식회사 인앤아웃(1),"경기도 용인시 기흥구 공세로 173 (공세동,외18필지)",경기도 용인시 기흥구 공세동 260 - 1 외18필지 ,031-286-5001,"국밥,전주비빔밥",339.94,기흥구 기흥동,2022-07-21
재지정,2011-12-20,2018-11-12,소박사,경기도 용인시 기흥구 기흥로14번길 2-10 (구갈동),경기도 용인시 기흥구 구갈동 374 - 8  ,,생갈비 양념갈비,101.79,기흥구 구갈동,2022-07-21
재지정,2005-07-18,2018-04-19,한고집 용인신갈점,경기도 용인시 기흥구 신갈로68번길 22 (신갈동),경기도 용인시 기흥구 신갈동 53 - 9  ,031-284-8989,"밀복, 까치복국 등",111.6,기흥구 신갈동,2022-07-21
재지정,2011-08-01,2018-11-12,나주집,경기도 용인시 기흥구 기흥로14번길 10-12 (구갈동),경기도 용인시 기흥구 구갈동 374 - 18  ,031-282-7877,"제비추리,등심",74.88,기흥구 구갈동,2022-07-21
재지정,2006-06-30,2018-11-12,신갈복집,경기도 용인시 기흥구 신구로12번길 31 (구갈동),경기도 용인시 기흥구 구갈동 541 - 5  ,031-282-3144,복지리,120.54,기흥구 구갈동,2022-07-21
재지정,2005-07-18,2018-11-12,화덕위에고등어,경기도 용인시 기흥구 용구대로 2181 (신갈동),경기도 용인시 기흥구 신갈동 388 - 287  ,031-282-2967,버섯전골,386.69,기흥구 신갈동,2022-07-21
재지정,2007-11-30,2018-11-12,서울녹각삼계탕,"경기도 용인시 기흥구 갈천로 76 (상갈동,1층)",경기도 용인시 기흥구 상갈동 101 - 12 1층 ,031-285-3475,삼계탕,75.83,기흥구 상갈동,2022-07-21
재지정,1999-09-30,2018-11-12,주식회사인앤아웃(2)한식전문점,"경기도 용인시 기흥구 공세로 173 (공세동,외18필지)",경기도 용인시 기흥구 공세동 260 - 1 외18필지 ,031-286-5001,향천우동,248.72,기흥구 기흥동,2022-07-21
재지정,2003-01-24,2018-11-12,춘향골할매 추어탕,경기도 용인시 기흥구 구성로 82 (언남동),경기도 용인시 기흥구 언남동 354 - 2  ,031-284-0228,추어탕.숙회,151.15,기흥구 구성동,2022-07-21
재지정,2011-12-20,2018-11-12,가마명가,경기도 용인시 기흥구 용구대로2469번길 38 (보정동),경기도 용인시 기흥구 보정동 1288 - 2  ,031-265-9236,"솥밥정식, 갈비",387.24,기흥구 보정동,2022-07-21
재지정,2009-11-30,2016-07-12,박터진흥부네,경기도 용인시 기흥구 청명산로 136 (영덕동),경기도 용인시 기흥구 영덕동 132  ,031-273-5293,한정식,273.62,기흥구 영덕동,2022-07-21
재지정,2011-12-20,2016-08-08,풍천갈비(신갈점),경기도 용인시 기흥구 신구로12번길 35 (구갈동),경기도 용인시 기흥구 구갈동 541 - 2  ,031-284-2696,갈비,329.13,기흥구 구갈동,2022-07-21
재지정,2001-10-10,2018-11-12,우리랑,경기도 용인시 기흥구 기흥단지로 115 (고매동),경기도 용인시 기흥구 고매동 377 - 52  ,031-285-9292,등심,579.98,기흥구 기흥동,2022-07-21
재지정,2007-06-19,2018-11-12,사또가든,경기도 용인시 기흥구 기흥단지로 89 (고매동),경기도 용인시 기흥구 고매동 409 - 8  ,031-285-6865,"갈비,등심",305.85,기흥구 기흥동,2022-07-21
재지정,2007-06-19,2018-11-12,강너머,경기도 용인시 기흥구 기흥로14번길 10-6 (구갈동),경기도 용인시 기흥구 구갈동 374 - 15  ,031-286-6440,홍어,108.24,기흥구 구갈동,2022-07-21
재지정,2004-06-24,2018-11-12,불타는청춘,경기도 용인시 기흥구 마북로59번길 2-1 (마북동),경기도 용인시 기흥구 마북동 282  ,031-284-9774,닭요리,192.88,기흥구 마북동,2022-07-21
재지정,2006-06-30,2018-11-12,서해회바다,"경기도 용인시 기흥구 갈천로 90 (상갈동,1층,2층)","경기도 용인시 기흥구 상갈동 123 - 12 1층,2층 ",031-284-8811,"광어,우럭",437.23,기흥구 상갈동,2022-07-21
재지정,2008-11-25,2016-07-12,우송가든,"경기도 용인시 기흥구 언동로71번길 5 (청덕동,외1 A)",경기도 용인시 기흥구 청덕동 392 - 1 외1 A ,031-284-2767,한우생등심,192.5,기흥구 구성동,2022-07-21
재지정,2006-06-30,2018-04-19,물레방아,경기도 용인시 기흥구 지삼로250번길 27 (지곡동),경기도 용인시 기흥구 지곡동 75 - 1  ,031-287-2448,닭백숙,449.3,기흥구 상갈동,2022-07-21
재지정,2005-07-18,2015-07-22,송학,"경기도 용인시 기흥구 구성로 179-11 (언남동,(1동))",경기도 용인시 기흥구 언남동 146 - 1 (1동) ,031-284-3359,복요리,175.86,기흥구 구성동,2022-07-21
재지정,2005-07-18,2018-10-08,용인전통순대국,경기도 용인시 기흥구 언동로 7 (언남동),경기도 용인시 기흥구 언남동 174 - 6  ,031-283-1243,순대국,180,기흥구 구성동,2022-07-21
재지정,2006-06-30,2016-07-12,홍도해물탕,"경기도 용인시 기흥구 민속촌로11번길 7, 2층 (보라동)",경기도 용인시 기흥구 보라동 394 2층 ,031-285-6337,"해물탕,해물찜",225.61,기흥구 상갈동,2022-07-21
재지정,2014-05-19,2018-11-12,한성가든,"경기도 용인시 기흥구 구교동로 170 (마북동,외2필지)",경기도 용인시 기흥구 마북동 176 - 1 외2필지 ,031-284-4664,"등심,삼겹살",420.62,기흥구 마북동,2022-07-21
재지정,2014-05-19,2018-11-12,세꼬시마을,경기도 용인시 기흥구 죽전로43번길 11-5 (보정동),경기도 용인시 기흥구 보정동 1206 - 7  ,031-898-0908,"세꼬시,활어회",134.96,기흥구 보정동,2022-07-21
재지정,2007-06-19,2018-11-12,(주)한국관,"경기도 용인시 기흥구 기흥단지로 8 (고매동,외1필지)",경기도 용인시 기흥구 고매동 413 - 27 외1필지 ,031-275-6100,"갈비,등심",1614.16,기흥구 기흥동,2022-07-21
재지정,2007-06-19,2018-11-12,도원,"경기도 용인시 기흥구 용구대로 1859, 2층 (하갈동)",경기도 용인시 기흥구 하갈동 143 - 4 2층 ,031-283-7227,"자장,짬뽕",459.58,기흥구 영덕동,2022-07-21
재지정,2007-11-30,2018-11-12,다원,경기도 용인시 기흥구 마북로 119-4 (마북동),경기도 용인시 기흥구 마북동 237 - 2  ,031-284-2276,한정식,218,기흥구 마북동,2022-07-21
재지정,2007-06-19,2016-07-12,주문진해물,"경기도 용인시 기흥구 민속촌로 37 (보라동, 본관1층, 별관1층)","경기도 용인시 기흥구 보라동 410 - 2 본관1층, 별관1층 ",031-282-5353,"해물찜,해물탕",283.49,기흥구 상갈동,2022-07-21
재지정,2008-11-25,2016-07-12,호박촌,"경기도 용인시 기흥구 중부대로773번길 7 (상하동,1층)",경기도 용인시 기흥구 상하동 250 - 4 1층 ,031-283-0708,오리훈제,70.22,기흥구 상하동,2022-07-21
재지정,2009-11-30,2018-11-12,남원골추어탕과나주곰탕,"경기도 용인시 기흥구 중부대로 563 (구갈동,명문메디칼프라자 101,102호)","경기도 용인시 기흥구 구갈동 581 - 2 명문메디칼프라자 101,102호 ",031-282-0499,"추어탕,곰탕",197.6,기흥구 구갈동,2022-07-21
재지정,2013-08-01,2018-11-12,소문난 대구왕뽈찜,"경기도 용인시 기흥구 죽전로 39 (보정동, 에스제이타워 201호)",경기도 용인시 기흥구 보정동 1207 - 3  ,031-897-2134,대구왕뻘찜,189.2,기흥구 보정동,2022-07-21
재지정,2015-10-07,2018-11-12,(주)청송본가,"경기도 용인시 기흥구 용구대로 2439 (마북동,2층)",경기도 용인시 기흥구 마북동 502 - 75 2층 ,031-284-4001,"등심,주물럭",1011.15,기흥구 마북동,2022-07-21
재지정,2008-11-25,2018-11-12,가오리와방패연,"경기도 용인시 기흥구 하갈로 98 (하갈동,1,2,3층)","경기도 용인시 기흥구 하갈동 233 1,2,3층 ",031-216-1100,한정식,442.8,기흥구 영덕동,2022-07-21
재지정,2008-11-25,2016-07-12,화춘옥,"경기도 용인시 기흥구 동백죽전대로 483 (동백동,지하1층,지상1,2,3층)","경기도 용인시 기흥구 동백동 445 - 4 지하1층,지상1,2,3층 ",031-8005-7900,갈비,557.25,기흥구 동백동,2022-07-21
재지정,2009-11-30,2018-04-19,디엔차이,"경기도 용인시 기흥구 용구대로2469번길 20 (보정동,죽전자이2차 114,115호)","경기도 용인시 기흥구 보정동 1291 죽전자이2차 114,115호 ",031-889-7787,"짜장면,짬뽕,탕수육",122.4,기흥구 보정동,2022-07-21
재지정,2014-05-19,2018-11-12,죽전민수사,"경기도 용인시 기흥구 포은대로512번길 41 (보정동, SJ빌딩 가동 1층)",경기도 용인시 기흥구 보정동 375 - 8 SJ빌딩 가동 1층 ,031-897-2220,생선회,278.82,기흥구 보정동,2022-07-21
재지정,2011-08-01,2016-07-12,큰마당감자탕,"경기도 용인시 기흥구 한보라1로 5 (보라동, 보라메가타운101,102,103,105호)","경기도 용인시 기흥구 보라동 578 - 1 보라메가타운101,102,103,105호 ",031-8005-8887,감자탕,184.35,기흥구 상갈동,2022-07-21
재지정,2009-11-30,2018-04-19,천하장사,"경기도 용인시 기흥구 용인향교로20번길 7 (언남동,1층)",경기도 용인시 기흥구 언남동 330 1층 ,031-283-8590,"생삼겹살, 돼지갈비 등",324,기흥구 구성동,2022-07-21
재지정,2009-11-30,2016-07-12,주식회사 나주집,"경기도 용인시 기흥구 흥덕4로 25 (영덕동,1,2층)","경기도 용인시 기흥구 영덕동 1103 - 1 1,2층 ",031-282-0303,"소고기(안창,차돌)",482.88,기흥구 영덕동,2022-07-21
재지정,2009-11-30,2018-11-12,카페앤레스토랑 하이드파크,"경기도 용인시 기흥구 백남준로 7 (상갈동,외2필지 1,2층)","경기도 용인시 기흥구 상갈동 150 - 7 외2필지 1,2층 ",031-286-8584,"파스타,피자",484.96,기흥구 상갈동,2022-07-21
재지정,2011-12-20,2018-11-12,뼈나라감자탕,"경기도 용인시 기흥구 죽전로43번길 11-15 (보정동,1층)",경기도 용인시 기흥구 보정동 1206 - 2 1층 ,031-889-3360,감자탕,150.48,기흥구 보정동,2022-07-21
재지정,2011-12-20,2018-11-12,에코의 서재,"경기도 용인시 기흥구 죽전로15번길 11-3 (보정동,1층)",경기도 용인시 기흥구 보정동 1187 - 7 1층 ,031-266-1138,"퀘사디아, 그라탕",110.35,기흥구 보정동,2022-07-21
재지정,2010-12-31,2016-07-12,우리네 설렁탕,"경기도 용인시 기흥구 동백3로11번길 47 (중동,1층)",경기도 용인시 기흥구 중동 844 - 4 1층 ,031-282-2488,설렁탕,395.68,기흥구 동백동,2022-07-21
재지정,2011-12-20,2018-04-19,만다린,"경기도 용인시 기흥구 동탄기흥로 957 (공세동,2층 201호)",경기도 용인시 기흥구 공세동 390 - 4 2층 201호 ,031-261-0631,"짜장, 짬뽕 등",214.2,기흥구 기흥동,2022-07-21
재지정,2011-08-01,2018-11-12,싱싱광어,"경기도 용인시 기흥구 죽전로 3 (보정동,메트로프라자 104,105,106호)","경기도 용인시 기흥구 보정동 1195 - 1 메트로프라자 104,105,106호 ",031-889-3633,회,107.04,기흥구 보정동,2022-07-21
재지정,2015-10-07,2018-04-19,경희마루,"경기도 용인시 기흥구 덕영대로 1674 (서천동,2층)",경기도 용인시 기흥구 서천동 320 - 11 2층 ,031-202-3840,숯불구이,456.32,기흥구 서농동,2022-07-21
재지정,2011-12-20,2016-07-12,장수한우프라자,"경기도 용인시 기흥구 흥덕4로15번길 2 (영덕동,2,3,4층)","경기도 용인시 기흥구 영덕동 1103 - 4 2,3,4층 ",031-211-8088,숯불갈비,1087.6,기흥구 영덕동,2022-07-21
재지정,2011-12-20,2018-11-12,기와집,"경기도 용인시 기흥구 백남준로 55 (상갈동,상갈동근생 가동 1층)",경기도 용인시 기흥구 상갈동 142 상갈동근생 가동 1층 ,031-282-2708,옛날불고기,215.61,기흥구 상갈동,2022-07-21
재지정,2012-08-30,2018-11-12,살살녹소,"경기도 용인시 기흥구 석현로12번길 44 (영덕동,1층)",경기도 용인시 기흥구 영덕동 1052 - 2 1층 ,031-273-2755,감자탕,360,기흥구 영덕동,2022-07-21
재지정,2014-05-19,2018-11-12,흥덕골,"경기도 용인시 기흥구 흥덕중앙로 120 (영덕동, U타워 지하115호)",경기도 용인시 기흥구 영덕동 1029 U타워 지하115호 ,,순대국,141.75,기흥구 영덕동,2022-07-21
재지정,2016-07-19,2018-11-12,(주)여시관,"경기도 용인시 기흥구 마북로247번길 28 (마북동, 1층)",경기도 용인시 기흥구 마북동 37 1층 ,,"스테이크, 파스타, 피자",120,기흥구 마북동,2022-07-21
재지정,2017-10-13,2018-11-12,육월,"경기도 용인시 기흥구 관곡로 96 (구갈동, 1층일부)",경기도 용인시 기흥구 구갈동 354 - 3 1층일부 ,031-283-6659,육류구이,208.42,기흥구 구갈동,2022-07-21
재지정,2015-10-07,2016-07-12,아이티컨벤션,"경기도 용인시 기흥구 흥덕1로 13 (영덕동, 흥덕아이티밸리 타워동 A0201,A0202호)","경기도 용인시 기흥구 영덕동 1005 흥덕아이티밸리 타워동 A0201,A0202호 ",,뷔페,1449,기흥구 영덕동,2022-07-21
지정,2018-05-18,2018-05-18,솔뫼숯불갈비,"경기도 용인시 기흥구 이현로30번길 27 (보정동, 2층)",경기도 용인시 기흥구 보정동 484 - 11 2층 ,031-264-3388,"소왕갈비, 돼지갈비",139.57,기흥구 보정동,2022-07-21
재지정,2016-07-19,2018-10-08,속초코다리찜,"경기도 용인시 기흥구 갈천로 84 (상갈동, 1층)",경기도 용인시 기흥구 상갈동 123 - 7 1층 ,031-282-0868,코다리찜,141.59,기흥구 상갈동,2022-07-21
재지정,2016-07-19,2018-04-19,장수랑갈비(주),"경기도 용인시 기흥구 흥덕4로15번길 1 (영덕동, 2층)",경기도 용인시 기흥구 영덕동 1111 - 1 2층 ,031-212-8893,"한우불고기전골, 갈비 등",471.48,기흥구 영덕동,2022-07-21
재지정,2016-07-19,2018-11-12,신포리 쭈꾸미,"경기도 용인시 기흥구 이현로29번길 54-20 (보정동, 1층)",경기도 용인시 기흥구 보정동 906 - 6 1층 ,031-897-3200,"쭈꾸미, 새우튀김",258.15,기흥구 보정동,2022-07-21
지정,2018-05-18,2018-05-18,유성본가 흥덕점,"경기도 용인시 기흥구 흥덕1로 13 (영덕동, COMPLEX동 B0105호일부, B0106,0106a,0107호)","경기도 용인시 기흥구 영덕동 1005 COMPLEX동 B0105호일부, B0106,0106a,0107호 ",031-340-3533,"누룽지삼계탕, 오리수육",252.64,기흥구 영덕동,2022-07-21
지정,2018-05-18,2018-05-18,오거리가든,"경기도 용인시 기흥구 중부대로 313 (신갈동, 2층)",경기도 용인시 기흥구 신갈동 455 - 8 2층 ,031-282-6210,"숯불구이, 갈비탕 등",376.15,기흥구 신갈동,2022-07-21
재지정,2004-06-30,2016-07-12,죽전(서울방향)휴게소 자율식당,경기도 용인시 수지구 경부고속도로 400 (죽전동),경기도 용인시 수지구 죽전동 866 - 2  ,031-262-3168,"버섯덮밥, 육개장",340.66,수지구 죽전1동,2022-07-21
재지정,2004-06-30,2016-07-12,남도아구와꽃게,경기도 용인시 수지구 문인로31번길 3-9 (풍덕천동),경기도 용인시 수지구 풍덕천동 669 - 5  ,031-262-4774,"아구찜,복지리,매운탕",81.48,수지구 풍덕천1동,2022-07-21
재지정,2009-11-30,2016-07-12,주식회사 청와정,경기도 용인시 수지구 수지로342번길 7 (풍덕천동),경기도 용인시 수지구 풍덕천동 658 - 25 C동 ,031-896-9876,국시,464,수지구 풍덕천1동,2022-07-21
재지정,2002-04-12,2016-07-12,산사랑,"경기도 용인시 수지구 샘말로89번길 9, 1동, 2동 (고기동)",경기도 용인시 수지구 고기동 372  ,031-263-6070,산나물한정식,490.94,수지구 동천동,2022-07-21
재지정,2009-11-30,2016-07-12,장수촌,경기도 용인시 수지구 성복2로 412 (성복동),경기도 용인시 수지구 성복동 641 - 1  ,031-266-1117,오리백숙,208.71,수지구 성복동,2022-07-21
재지정,2004-06-30,2016-07-12,춘향골남원추어탕,경기도 용인시 수지구 풍덕천로140번길 13 (풍덕천동),경기도 용인시 수지구 풍덕천동 723 - 1  ,031-266-7576,추어탕,162.22,수지구 풍덕천1동,2022-07-21
지정,2017-07-31,2017-07-31,정미소김치관,"경기도 용인시 수지구 신봉1로 302 (신봉동,1,2층)","경기도 용인시 수지구 신봉동 569 - 3 1,2층 ",031-261-0042,만두전골,199.3,수지구 신봉동,2022-07-21
재지정,2010-11-09,2016-07-12,윤씨네,"경기도 용인시 수지구 수지로342번길 7 (풍덕천동,외4(658-2,658-23,658-26,35-1))","경기도 용인시 수지구 풍덕천동 658 - 1 외4(658-2,658-23,658-26,35-1) ",031-262-3810,부대찌개,256.1,수지구 풍덕천1동,2022-07-21
지정,2017-07-31,2017-07-31,미젠,"경기도 용인시 수지구 신봉1로 330 (신봉동,(1층))",경기도 용인시 수지구 신봉동 637 - 2 (1층) ,031-276-7777,한정식,238.2,수지구 신봉동,2022-07-21
재지정,2009-11-30,2017-11-06,수원통큰숯불화로갈비,"경기도 용인시 수지구 수지로 77 (상현동,힐프라자 (102,103,104호))","경기도 용인시 수지구 상현동 106 - 8 힐프라자 (102,103,104호) ",031-262-2031,돼지갈비,187.2,수지구 상현1동,2022-07-21
지정,2018-05-18,2018-05-18,화경,"경기도 용인시 수지구 신봉2로 2, 센트럴500상가동 225호 (신봉동,외7)",경기도 용인시 수지구 신봉동 33 외7 센트럴500상가동 225호,031-266-2772,"짜장면, 탕수육 등",203.92,수지구 신봉동,2022-07-21
재지정,2004-12-30,2016-07-12,상현우렁쌈밥,"경기도 용인시 수지구 수지로 37 (상현동, 2층)",경기도 용인시 수지구 상현동 166 - 4 (2층) ,031-261-4838,쌈밥,228,수지구 상현1동,2022-07-21
재지정,2007-11-30,2016-07-12,배밭갈비,경기도 용인시 수지구 대지로 152 (죽전동),경기도 용인시 수지구 죽전동 1227  ,031-276-9292,갈비,259.66,수지구 죽전1동,2022-07-21
재지정,2009-11-30,2016-07-12,수지골남원추어탕,경기도 용인시 수지구 고기로 104 (동천동),경기도 용인시 수지구 동천동 119  ,031-261-1007,추어탕,73.08,수지구 동천동,2022-07-21
재지정,2012-07-17,2016-07-12,군산세꼬시,"경기도 용인시 수지구 성복2로 162, 성동마을엘지빌리지6차아파트 207호, 208호 (성복동)",경기도 용인시 수지구 성복동 731 성동마을엘지빌리지6차아파트 ,031-276-4994,세꼬시,92.27,수지구 성복동,2022-07-21
재지정,2008-11-28,2016-07-12,갈비예찬,"경기도 용인시 수지구 포은대로 531 (죽전동, 1,2층)","경기도 용인시 수지구 죽전동 1003 - 121 외1필지(1,2층) ",031-896-1333,갈비,637.13,수지구 죽전1동,2022-07-21
재지정,2010-11-09,2016-07-12,신선설농탕 수지점,"경기도 용인시 수지구 수지로 217 (신봉동,부광주차타워 106,107,108호)","경기도 용인시 수지구 신봉동 899 부광주차타워 106,107,108호 ",031-272-0041,설렁탕,142.82,수지구 신봉동,2022-07-21
지정,2018-05-18,2018-05-18,속초 코다리 냉면,"경기도 용인시 수지구 성복2로76번길 26-2 (성복동, 신봉V샤르망Ⅲ 109,110,111,112호)","경기도 용인시 수지구 성복동 748 신봉V샤르망Ⅲ 109,110,111,112호 ",031-264-9959,"코다리냉면, 물냉면 등",170.89,수지구 성복동,2022-07-21
재지정,2012-08-30,2016-08-02,그릴식스 수지점,"경기도 용인시 수지구 죽전로 232 (죽전동,스완파미에 103호)",경기도 용인시 수지구 죽전동 1350 스완파미에 103호 ,031-889-6757,"등심, 삼겹살",415.8,수지구 죽전1동,2022-07-21
재지정,2008-11-28,2016-07-12,양대화,"경기도 용인시 수지구 죽전로 232 (죽전동,스완파미에 (101,102호))","경기도 용인시 수지구 죽전동 1350 스완파미에 (101,102호) ",031-889-2233,양곱창구이,674.7,수지구 죽전1동,2022-07-21
재지정,2014-05-19,2016-07-12,천지연,경기도 용인시 수지구 현암로 96 (죽전동),경기도 용인시 수지구 죽전동 1206 - 2  ,031-898-3244,갈비,291.84,수지구 죽전1동,2022-07-21
재지정,2011-07-25,2016-07-12,봉평메밀싹막국수,경기도 용인시 수지구 용구대로 2757 (죽전동),경기도 용인시 수지구 죽전동 882 - 9  ,031-896-8888,메밀막국수,207.48,수지구 죽전1동,2022-07-21
지정,2017-07-31,2017-07-31,곽사부,"경기도 용인시 수지구 죽전로168번길 29 (죽전동, 1층)",경기도 용인시 수지구 죽전동 1336 - 6 1층 ,031-897-2323,자장면,172.9,수지구 죽전1동,2022-07-21
재지정,2010-11-09,2016-07-12,죽전골남원추어탕,"경기도 용인시 수지구 현암로 134 (죽전동, 상가동 101~104호)",경기도 용인시 수지구 죽전동 1194  ,031-898-4007,추어탕,162,수지구 죽전1동,2022-07-21
지정,2017-07-31,2017-07-31,우시륵,"경기도 용인시 수지구 신봉1로344번길 10, 1층 (신봉동)",경기도 용인시 수지구 신봉동 641  ,,갈비,140.97,수지구 신봉동,2022-07-21
재지정,2009-11-30,2018-10-26,서래한우갈비마을(주),"경기도 용인시 수지구 죽전로168번길 3 (죽전동,NPD 프라자 B101,101호)","경기도 용인시 수지구 죽전동 1345 - 4 NPD 프라자 B101,101호 ",031-889-8000,"서래갈비탕, 서래도가니탕 등",414.7,수지구 죽전1동,2022-07-21
재지정,2011-12-20,2016-07-12,무봉리토종순대국(죽전점),"경기도 용인시 수지구 대지로127번길 8 (죽전동,1층)",경기도 용인시 수지구 죽전동 1217 - 2 1층 ,031-889-7002,순대국,171.13,수지구 죽전1동,2022-07-21
지정,2017-07-31,2017-07-31,곤드레밥집,경기도 용인시 수지구 고기로 114 (동천동),경기도 용인시 수지구 동천동 115 - 11  ,031-264-3651,곤드레밥,354.2,수지구 동천동,2022-07-21
지정,2017-07-31,2017-07-31,고기리막국수 주식회사,경기도 용인시 수지구 이종무로 119 (고기동),경기도 용인시 수지구 고기동 439 - 1  ,031-263-1107,막국수,96.93,수지구 동천동,2022-07-21
재지정,2017-07-31,2018-10-26,심마니,"경기도 용인시 수지구 신봉1로 312, 2층 (신봉동)",경기도 용인시 수지구 신봉동 573 - 1  ,031-263-9001,고등어 구이 등,219.24,수지구 신봉동,2022-07-21
재지정,2013-08-23,2017-03-14,활어랑참치,"경기도 용인시 수지구 수지로342번길 7 (풍덕천동, C동 2층)",경기도 용인시 수지구 풍덕천동 658 - 25 C동 2층 ,031-896-9372,회정식,338.4,수지구 풍덕천1동,2022-07-21
지정,2016-08-02,2016-08-02,올리브,"경기도 용인시 수지구 풍덕천로 122 (풍덕천동, 하나로프라자 209,210호)","경기도 용인시 수지구 풍덕천동 1080 - 9 하나로프라자 209,210호 ",031-276-2273,파스타,85.68,수지구 풍덕천1동,2022-07-21
재지정,2016-08-02,2018-04-16,아구야,"경기도 용인시 수지구 신봉2로 94-17 (신봉동, 신봉택지개발지구 R2-2 지하1층)",경기도 용인시 수지구 신봉동 0 신봉택지개발지구 R2-2 지하1층 ,031-276-9888,"아구찜, 해물찜",165.63,수지구 신봉동,2022-07-21
재지정,2017-07-31,2018-04-16,흐르는 송어처럼,"경기도 용인시 수지구 고기로415번길 16-1 (고기동, 1,2층)","경기도 용인시 수지구 고기동 208 - 7 1,2층 ",031-262-3235,퓨전 한정식,606.63,수지구 동천동,2022-07-21
지정,2017-07-31,2017-07-31,원조양평해장국,"경기도 용인시 수지구 정든로6번길 11, 가동 1층 (죽전동)",경기도 용인시 수지구 죽전동 437 가동 1층 ,031-261-8688,해장국,178.05,수지구 죽전1동,2022-07-21
재지정,2014-12-03,2017-01-09,이화면옥,"경기도 용인시 수지구 신봉1로 336-1 (신봉동, 1층)",경기도 용인시 수지구 신봉동 640 - 1 1층 ,031-272-9933,"갈비찜, 냉면",257.52,수지구 신봉동,2022-07-21
지정,2017-07-31,2017-07-31,동해막국수,"경기도 용인시 수지구 호수로68번길 20-4 (고기동, 1층)",경기도 용인시 수지구 고기동 30 - 77 1층 ,031-276-4533,막국수,164.58,수지구 동천동,2022-07-21
지정,2017-07-31,2017-07-31,주막보리밥,"경기도 용인시 수지구 동천로 624 (고기동, 2층)",경기도 용인시 수지구 고기동 214 - 6 2층 ,031-265-0777,보리밥,180.8,수지구 동천동,2022-07-21
지정,2017-07-31,2017-07-31,오륙도,"경기도 용인시 수지구 광교중앙로296번길 6 (상현동, 광교어드밴스힐 103,104,105,106호)","경기도 용인시 수지구 상현동 1133 - 2 광교어드밴스힐 103,104,105,106호 ",031-211-8998,한정식,163.66,수지구 상현1동,2022-07-21
지정,2017-07-31,2017-07-31,뜰사랑3관,"경기도 용인시 수지구 이종무로 117-21 (고기동, A동 )",경기도 용인시 수지구 고기동 411 - 1 A동 ,,산채정식,203.88,수지구 동천동,2022-07-21
지정,2016-08-02,2016-08-02,남도한정식,"경기도 용인시 수지구 수지로342번길 7 (풍덕천동, C동 1층)",경기도 용인시 수지구 풍덕천동 658 - 25 C동 1층 ,,한정식,338.4,수지구 풍덕천1동,2022-07-21
지정,2017-07-31,2017-07-31,구팔한우 용인동천점,"경기도 용인시 수지구 신수로 767 (동천동, 분당수지 유타워 A동 232호)",경기도 용인시 수지구 동천동 899 분당수지 유타워 A동 232호 ,,돼지갈비,181.07,수지구 동천동,2022-07-21
지정,2018-05-18,2018-05-18,토속상황삼계탕,"경기도 용인시 수지구 신수로 767 (동천동, 분당수지유타워 A동 239호)",경기도 용인시 수지구 동천동 899 분당수지유타워 A동 239호 ,031-262-5284,"상황삼계탕, 닭갈비 등",242.74,수지구 동천동,2022-07-21
지정,2018-05-18,2018-05-18,김영희동태찜 광교점,"경기도 용인시 수지구 광교중앙로295번길 13, B동 204,205호 (상현동, 광교2차 푸르지오시티)",경기도 용인시 수지구 상현동 1116 - 3 광교2차 푸르지오시티 ,031-211-3177,"동태찜, 코다리찜 등",108.76,수지구 상현1동,2022-07-21
지정,2018-05-18,2018-05-18,연평도해물탕,"경기도 용인시 수지구 신봉1로 396, 1층 (신봉동)",경기도 용인시 수지구 신봉동 753 - 15  ,,"전복해물탕, 해물찜",397.84,수지구 신봉동,2022-07-21
